Heading,Amazon_Link,Asin
Arteza Inkonic Fineliners  –  Best Overall,https://www.amazon.com/dp/B07T15LKR7?maas=maas_adg_api_592137527250108882_macro_1_124&ref_=aa_maas&aa_adgroupid=adv_pg-119954_B07T15LKR7&aa_campaignid=adv_pub-01g8xnwn1ap63nezaycx7c3j4v-3&aa_creativeid=UNKNOWN?tag=thestreet01-20,B07T15LKR7
Sharpie S-Gel  –  Quick-Dry Ink,https://www.amazon.com/dp/B082PMZDG5/?tag=thestreet01-20,B082PMZDG5
Uni-Ball 207 Gel Pens  –  Honorable Mention,https://www.amazon.com/dp/B005HNZ5SW/?tag=thestreet01-20,B005HNZ5SW
12 Pieces Rolling Ball  –  Also Consider,https://www.amazon.com/dp/B07HRR3QKC/?tag=thestreet01-20,B07HRR3QKC
PILOT G2 Premium  –  Also Recommended,https://www.amazon.com/Pilot-Premium-Point-Assorted-Colors/dp/B09591QXC2/ref=sr_1_5?keywords=PILOT+G2+Premium&qid=1648511760&s=office-products&sr=1-5?tag=thestreet01-20,B09591QXC2
ARTEZA Canvas  –  Best Overall,https://www.amazon.com/dp/B01MSU05MY?maas=maas_adg_api_592137527250108882_macro_1_124&ref_=aa_maas&aa_adgroupid=adv_pg-114046_B01MSU05MY&aa_campaignid=adv_pub-01g8xnwn1ap63nezaycx7c3j4v-3&aa_creativeid=UNKNOWN?tag=thestreet01-20,B01MSU05MY
Crafts 4 All Stretched Canvas Boards for Painting  –  Best Quality,https://www.amazon.com/dp/B08LLGZKFM?tag=thestreet01-20,B08LLGZKFM
PHOENIX White Blank Canvas  –  Best for Professionals,https://www.amazon.com/dp/B01FCHZOII/?tag=thestreet01-20,B01FCHZOII
Villanelle’s Stretched Canvas  –  Honorable Mention,https://www.amazon.com/dp/B07H4JR2HQ/?tag=thestreet01-20,B07H4JR2HQ
Artlicious Canvases  –  Best for Beginners,https://www.amazon.com/dp/B08H51NWMY/?tag=thestreet01-20,B08H51NWMY
Arteza Canvas Boards for Painting  –  Extremely Sturdy,https://www.amazon.com/dp/B01ERVMTN8/?tag=thestreet01-20,B01ERVMTN8
Zenacolor Canvas Boards for Painting  –  Highly Affordable,https://www.amazon.com/dp/B08NPKG7K4/?tag=thestreet01-20,B08NPKG7K4
Style Edit Root Touch-Up—Best Overall,https://www.amazon.com/dp/B07CLKZJ51?maas=maas_adg_775EB906F443E6D7E1E2EB84B0B1C8A6_afap_abs&ref_=aa_maas&tag=hollywoodli09-20,B07CLKZJ51
Color Wow Root Touch-Up—Best Water-Resistant Formula,https://www.amazon.com/dp/B00FYSZDQ4/?tag=hollywoodli09-20,B00FYSZDQ4
Revlon Root Touch-Up—Best Gray Coverage,https://www.amazon.com/dp/B07JQCYF1R/?tag=hollywoodli09-20,B07JQCYF1R
L'Oreal Paris Root Touch-Up—Quickest Application,https://www.amazon.com/dp/B01DPWDWHC/?tag=hollywoodli09-20,B01DPWDWHC
Clairol Root Touch-Up—Also Consider,https://www.amazon.com/dp/B078KFD2JD/?tag=hollywoodli09-20,B078KFD2JD
Style Edit Root Touch Up – Best Overall,https://www.amazon.com/dp/B079HJ7J86?maas=maas_adg_api_588254487873907342_macro_1_124&ref_=aa_maas&aa_adgroupid=adv_pg-136689_B079HJ7J86&aa_campaignid=adv_pub-01gpy6k4tcwa55733p8td83an0-11&aa_creativeid=UNKNOWN?tag=advon-commerce-031422-20,B079HJ7J86
Color Wow Root Touch Up – Quick Coverage,https://www.amazon.com/dp/B00M3DSVOO/?tag=advon-commerce-031422-20,B00M3DSVOO
L’Oreal Paris Root Touch Up – Best Semi-permanent Root Touch Up,https://www.amazon.com/dp/B084W2WS8V/?tag=advon-commerce-031422-20,B084W2WS8V
Clairol Root Touch Up – Most Effective for Stubborn Grays,https://www.amazon.com/dp/B003AYEGGM/?tag=advon-commerce-031422-20,B003AYEGGM
BOLDIFY Root Touch Up – Best for Thinning Hair,https://www.amazon.com/dp/B08N1BLW1C/?tag=advon-commerce-031422-20,B08N1BLW1C
Cleverfy Aromatherapy Shower Steamers – Best Overall,https://www.amazon.com/Cleverfy-Shower-Bombs-Aromatherapy-Essential/dp/B07L5QGF38?maas=maas_adg_D6FF654C604B3B13BB64C175542A4533_afap_abs&ref_=aa_maas?tag=advon-commerce-031422-20,B07L5QGF38
SassyCups 30th Birthday Tumbler – Stainless Steel Option,https://www.amazon.com/dp/B07XGMC4WK?tag=advon-commerce-031422-20,B07XGMC4WK
Leafael Women’s Silver Pendant – Best Necklace,https://www.amazon.com/dp/B07LBHDZL4/?tag=advon-commerce-031422-20,B07LBHDZL4
One Savvy Girl Wine Tote Bag – Best for Hiking Dates,https://www.amazon.com/One-Savvy-Girl-Stainless-Stemless/dp/B07HVCJZQC/?tag=advon-commerce-031422-20,B07HVCJZQC
Btysun Bracelets for Women – Best Engraved Bracelet,https://www.amazon.com/Inspirational-Jewelry-Birthday-Motivational-Friendship/dp/B07VPHHV85/?tag=advon-commerce-031422-20,B07VPHHV85
Luxe England Gift Basket – Best Gift Basket,https://www.amazon.com/Royal-Birthday-Gift-Basket-Her/dp/B08SCFXZB1/?tag=advon-commerce-031422-20,B08SCFXZB1
MignonandMignon Personalized Initial Necklace – Most Customizable,https://www.amazon.com/Delicate-Initial-Necklace-Graduation-Personalized/dp/B07C5CV85P/?tag=advon-commerce-031422-20,B07C5CV85P
Jumway Coffee Mug – Also Consider,https://www.amazon.com/Jumway-Not-Day-Over-Fabulous/dp/B07T2S93Z8/?tag=advon-commerce-031422-20,B07T2S93Z8
Cleverfy Shower Steamer—Best Overall,https://www.amazon.com/dp/B09GY4VXNV?maas=maas_adg_api_593079880013255950_macro_1_124&ref_=aa_maas&aa_adgroupid=adv_pg-126060_B09GY4VXNV&aa_campaignid=adv_pub-01g8xm2v1057703ja8mn9z1h36-5&aa_creativeid=UNKNOWN&tag=hollywoodli09-20,B09GY4VXNV
Lagunamoon Shower Steamer—Best Formula,https://www.amazon.com/dp/B097D1WB6S/?tag=hollywoodli09-20,B097D1WB6S
Body Restore Shower Steamer—Long-Lasting,https://www.amazon.com/dp/B08BC88KG1/?tag=hollywoodli09-20,B08BC88KG1
Vicks Shower Steamer—Great for Aromatherapy,https://www.amazon.com/dp/B08QTZBK5Y/?tag=hollywoodli09-20,B08QTZBK5Y
The Herbal Zen Shower Steamer—Best for Congestion Relief,https://www.amazon.com/dp/B07NZWYD7T/?tag=hollywoodli09-20,B07NZWYD7T
BYGGVIR Shower Steamer—Travel-Friendly,https://www.amazon.com/dp/B09YRLB78W/?tag=hollywoodli09-20,B09YRLB78W
AquaSonic Toothbrush—Best Overall,https://www.amazon.com/dp/B07R8WGDKF?maas=maas_adg_api_584994649462340422_macro_1_124&ref_=aa_maas&aa_adgroupid=adv_pg-125944_B07R8WGDKF&aa_campaignid=adv_pub-01g8xm2v1057703ja8mn9z1h36-16&aa_creativeid=UNKNOWN&tag=hollywoodli09-20,B07R8WGDKF
Boka Toothbrush—Runner Up,https://www.amazon.com/dp/B083JPL7V3?tag=hollywoodli09-20,B083JPL7V3
ToiletTree Products Toothbrush—Honorable Mention,https://www.amazon.com/dp/B01KMNKKWW/?tag=hollywoodli09-20,B01KMNKKWW
Quip Toothbrush—Most Convenient,https://www.amazon.com/dp/B081FYJ8H6/?tag=hollywoodli09-20,B081FYJ8H6
Oral-B 3000 Toothbrush—Most Reliable,https://www.amazon.com/dp/B07KQ4T6LF/?tag=hollywoodli09-20,B07KQ4T6LF
Philips Sonicare Toothbrush—Most Notable,https://www.amazon.com/dp/B078GVMVRH/?tag=hollywoodli09-20,B078GVMVRH
Waterpik Toothbrush—Most Thorough Clean,https://www.amazon.com/dp/B07BG64154/?tag=hollywoodli09-20,B07BG64154
Hum by Colgate Toothbrush—Most Aesthetic,https://www.amazon.com/dp/B0899831LM/?tag=hollywoodli09-20,B0899831LM
BURST Toothbrush—Contender,https://www.amazon.com/dp/B07WWJ8YVG/?tag=hollywoodli09-20,B07WWJ8YVG
Initio Toothbrush—High Performance,https://www.amazon.com/dp/B08K8FFNZJ/?tag=hollywoodli09-20,B08K8FFNZJ
NuDerma Skin Therapy—Best Overall,https://www.amazon.com/NuDerma-Clinical-Skin-Therapy-Wand/dp/B086M3XRK1?maas=maas_adg_api_584994649462340422_macro_1_124&ref_=aa_maas&aa_adgroupid=adv_pg-125946_B086M3XRK1&aa_campaignid=adv_pub-01g8xm2v1057703ja8mn9z1h36-2&aa_creativeid=UNKNOWN&tag=hollywoodli09-20,B086M3XRK1
Gold Bond Skin Therapy—Most Exfoliating,https://www.amazon.com/dp/B00MMKAM5E/?tag=hollywoodli09-20,B00MMKAM5E
Palmer's Skin Therapy—Honorable Mention,https://www.amazon.com/dp/B00J1FNW28/?tag=hollywoodli09-20,B00J1FNW28
EltaMD Skin Therapy—Also Consider,https://www.amazon.com/dp/B00C8FVY3M/?tag=hollywoodli09-20,B00C8FVY3M
Aveeno Skin Therapy—Editor's Choice,https://www.amazon.com/dp/B08D9LYJZH/?tag=hollywoodli09-20,B08D9LYJZH
Pure Daily Vitamin C Serum—Best Overall,https://www.amazon.com/Triple-Vitamin-Serum-Antioxidant-Brightening/dp/B09DHZ86T3?maas=maas_adg_4BE13841EAF723C805C3D1807533955A_afap_abs&ref_=aa_maas&tag=hollywoodli09-20,B09DHZ86T3
Brandefy Vitamin C Serum—Runner Up,https://www.amazon.com/dp/B09TBMKM19?tag=hollywoodli09-20,B09TBMKM19
Tree of Life Vitamin C Serum—Best Retinol Formula,https://www.amazon.com/dp/B0B94PLLYB?maas=maas_adg_api_577082349805138155_macro_1_124&ref_=aa_maas&aa_adgroupid=adv_pg-137423_B0B94PLLYB&aa_campaignid=adv_pub-01g8xm2v1057703ja8mn9z1h36-24&aa_creativeid=UNKNOWN&tag=hollywoodli09-20,B0B94PLLYB
MOUNTAIN TOP Vitamin C Serum—Synergistic Composition,https://www.amazon.com/dp/B07YWSJLQF/?tag=hollywoodli09-20,B07YWSJLQF
ELBBUB Vitamin C Serum—Dynamic Combination,https://www.amazon.com/dp/B09TVZNLG4/?tag=hollywoodli09-20,B09TVZNLG4
DERMA-E Vitamin C Serum—All Natural Formula,https://www.amazon.com/dp/B01MA35EGM/?tag=hollywoodli09-20,B01MA35EGM
La Roche-Posay Vitamin C Serum—Most Suitable,https://www.amazon.com/dp/B07PM79MSC/?tag=hollywoodli09-20,B07PM79MSC
Moon Juice Hyaluronic Acid Serum—Best Overall,https://www.amazon.com/dp/B084D8LDBQ?tag=hollywoodli09-20,B084D8LDBQ
Tree of Life Hyaluronic Acid Serum—Organic Option,https://www.amazon.com/dp/B07QXBS32K/?tag=hollywoodli09-20,B07QXBS32K
ISDIN Hyaluronic Acid Serum—Deep Hydration,https://www.amazon.com/dp/B08H6B4R5K?tag=hollywoodli09-20,B08H6B4R5K
Pure Daily Care Hyaluronic Acid Serum—Long-Lasting Hydration,https://www.amazon.com/Pure-Daily-Care-Energy-Hyaluronic/dp/B09DHRV349?maas=maas_adg_4BE13841EAF723C805C3D1807533955A_afap_abs&ref_=aa_maas&tag=hollywoodli09-20,B09DHRV349
Q+A Hyaluronic Acid Serum—Most Efficient,https://www.amazon.com/dp/B084LJ6SBB?tag=hollywoodli09-20,B084LJ6SBB
SeoulCeuticals Serum—Lovely Scent,https://www.amazon.com/dp/B072K1LNNY?maas=maas_adg_api_578068869186074424_macro_1_124&ref_=aa_maas&aa_adgroupid=adv_pg-126692_B072K1LNNY&aa_campaignid=adv_pub-01g8xm2v1057703ja8mn9z1h36-84&aa_creativeid=UNKNOWN&tag=hollywoodli09-20,B072K1LNNY
Cosmedica Skincare Serum—Most Convenient,https://www.amazon.com/dp/B01AH4MJ02/?tag=hollywoodli09-20,B01AH4MJ02
Brandefy Hyaluronic Acid Serum—Best Anti-Aging,https://www.amazon.com/dp/B09TBPKG11?tag=hollywoodli09-20,B09TBPKG11
TruSkin Naturals Serum—Most Reliable,https://www.amazon.com/dp/B00K32VXTW/?tag=hollywoodli09-20,B00K32VXTW
Tree of Life Serum—Also Consider,https://www.amazon.com/dp/B010MX4E74/?tag=hollywoodli09-20,B010MX4E74
Asterwood Naturals Serum—Unmatched Quality,https://www.amazon.com/dp/B01GUK7NV2/?tag=hollywoodli09-20,B01GUK7NV2
Amara Beauty Serum—Quickest Absorption,https://www.amazon.com/dp/B00KB9Q8GU/?tag=hollywoodli09-20,B00KB9Q8GU
Orlette Serum—Strongest Formula,https://www.amazon.com/dp/B07P9RJ1LJ/?tag=hollywoodli09-20,B07P9RJ1LJ
Pure Daily Care Ultimate Aromatherapy Diffuser  –  Best Overall,https://www.amazon.com/dp/B07JD2GDKN?maas=maas_adg_api_584994649462340422_macro_1_124&ref_=aa_maas&aa_adgroupid=adv_pg-116806_B07JD2GDKN&aa_campaignid=adv_pub-01g8xnwn1ap63nezaycx7c3j4v-2&aa_creativeid=UNKNOWN&tag=thestreet01-20?tag=thestreet01-20,B07JD2GDKN
InnoGear Essential Oil Diffuser  –  Amazing Lighting Controls,https://www.amazon.com/InnoGear-Aromatherapy-Essential-Ultrasonic-Humidifier/dp/B00V9JP8EE/?tag=thestreet01-20,B00V9JP8EE
Miserwe Essential Oil Diffuser  –  Large Liquid Capacity,https://www.amazon.com/Miserwe-Water-Shortage-Automatic-Essential-Adjustable/dp/B087X83BV5/?tag=thestreet01-20,B087X83BV5
Airthereal Flame Diffuser  –  Fireplace Effect,https://www.amazon.com/Homasy-Essential-Diffuser-Humidifier-Kitchen-White/dp/B08695YBWL?tag=thestreet01-20,B08695YBWL
Diffuserlove Essential Oil Diffuser  –  Most Reliable,https://www.amazon.com/Diffuserlove-Essential-Ultrasonic-Humidifiers-Aromatherapy/dp/B08CMK3QDF/?tag=thestreet01-20,B08CMK3QDF
ASAKUKI Essential Oil Diffuser  –  Great Value,https://www.amazon.com/ASAKUKI-Essential-Ultrasonic-Aromatherapy-Humidifier/dp/B01MR4Y0CZ/?tag=thestreet01-20,B01MR4Y0CZ
Valley of Tea Cinnamon Sticks,https://www.amazon.com/dp/B07D1ZXRV9?maas=null&ref_=aa_maas&aa_adgroupid=adv_pg-111157_B07D1ZXRV9&aa_campaignid=adv_pub-01g8xs3633v880nd0n3hfnzdvj-47&aa_creativeid=UNKNOWN,B07D1ZXRV9
Soeos Cinnamon Sticks,https://www.amazon.com/dp/B07MXRWF8K/,B07MXRWF8K
McCormick Cinnamon Sticks,https://www.amazon.com/dp/B00OKAPLSC/,B00OKAPLSC
Fruidles Cinnamon Sticks,https://www.amazon.com/dp/B08MT84LNZ/,B08MT84LNZ
Happy Belly Cinnamon Sticks,https://www.amazon.com/dp/B07W1WTQCD/,B07W1WTQCD
Valley of Tea Chamomile Tea,https://www.amazon.com/dp/B07D22BJPQ?maas=null&ref_=aa_maas&aa_adgroupid=adv_pg-107094_B07D22BJPQ&aa_campaignid=adv_pub-01g8xs3633v880nd0n3hfnzdvj-47&aa_creativeid=UNKNOWN,B07D22BJPQ
VAHDAM Chamomile Tea,https://www.amazon.com/dp/B08G2J583H/,B08G2J583H
Taylors of Harrogate Chamomile Tea,https://www.amazon.com/dp/B00CREXUOU/,B00CREXUOU
Harney & Sons Chamomile Tea,https://www.amazon.com/dp/B000OQZNTS/,B000OQZNTS
U.S. Wellness Naturals Chamomile Tea,https://www.amazon.com/dp/B01KKJIJKS/,B01KKJIJKS
Bigelow Chamomile Tea,https://www.amazon.com/dp/B000GFYRK8/,B000GFYRK8
Valley of Tea Marshmallow Leaf Tea,https://www.amazon.com/dp/B07V846P7Z?maas=null&ref_=aa_maas&aa_adgroupid=adv_pg-117861_B07V846P7Z&aa_campaignid=adv_pub-01g8xs3633v880nd0n3hfnzdvj-47&aa_creativeid=UNKNOWN,B07V846P7Z
Autoimmuni-Tea Marshmallow Leaf Tea,https://www.amazon.com/dp/B07S6DBHL3/,B07S6DBHL3
Buddha Teas Marshmallow Leaf Tea,https://www.amazon.com/dp/B00DLL31MO/,B00DLL31MO
Celebration Herbals Marshmallow Leaf Tea,https://www.amazon.com/dp/B000HB9TOU/,B000HB9TOU
Mate Factor Marshmallow Leaf Tea,https://www.amazon.com/dp/B07L21THNP/,B07L21THNP
Valley of Tea Mullein Leaf Tea,https://www.amazon.com/dp/B07V81XC6V?maas=null&ref_=aa_maas&aa_adgroupid=adv_pg-106922_B07V81XC6V&aa_campaignid=adv_pub-01g8xs3633v880nd0n3hfnzdvj-47&aa_creativeid=UNKNOWN,B07V81XC6V
Buddha Teas Mullein Leaf Tea,https://www.amazon.com/dp/B00DLLGRCA/,B00DLLGRCA
Palm Beach Mullein Leaf Tea,https://www.amazon.com/dp/B07H1PYB2L/,B07H1PYB2L
Herbal Hermit Mullein Leaf Tea,https://www.amazon.com/dp/B08YN9ZVKB/,B08YN9ZVKB
FullChea Mullein Leaf Tea,https://www.amazon.com/dp/B09P8C3DFF/,B09P8C3DFF
TEARELAE Mullein Leaf Tea,https://www.amazon.com/dp/B09P8B6XKW/,B09P8B6XKW
Cave Tools Meat Tenderizer Tool,https://www.amazon.com/dp/B07DFR2YM6/,B07DFR2YM6
Gourmet Easy Meat Tenderizer Tool,https://www.amazon.com/dp/B08XY7CRBV?maas=maas_adg_api_579167153088031901_macro_1_124&ref_=aa_maas&aa_adgroupid=adv_pg-107099_B08XY7CRBV&aa_campaignid=adv_pub-01g8xs3633v880nd0n3hfnzdvj-13&aa_creativeid=UNKNOWN,B08XY7CRBV
Jaccard 48-Blade Meat Tenderizing Tool,https://www.amazon.com/dp/B001347JK6/,B001347JK6
KitchenAid Gourmet Meat Tenderizer,https://www.amazon.com/dp/B07Q2WVG1Z/,B07Q2WVG1Z
New OXO Grips Meat Tenderizer,https://www.amazon.com/dp/B083VVWCSK/,B083VVWCSK
Checkered Chef Meat Tenderizing Tool,https://www.amazon.com/dp/B01FGT2VJW/,B01FGT2VJW
JY Cookment Meat Tenderizing Tool,https://www.amazon.com/dp/B07GF4YH4C/,B07GF4YH4C
Gourmet Easy Garlic Press,https://www.amazon.com/dp/B08WHLDMNX?maas=maas_adg_api_579167153088031901_macro_1_124&ref_=aa_maas&aa_adgroupid=adv_pg-100328_B08WHLDMNX&aa_campaignid=adv_pub-01g9q0m5b5c52j33ae1mbw5xeq-13&aa_creativeid=UNKNOWN,B08WHLDMNX
OXO Good Grips Soft- Handled Garlic Press,https://www.amazon.com/OXO-Grips-Soft-Handled-Garlic-Press/dp/B00HEZ888K,B00HEZ888K
Alpha Grillers Garlic Press,https://www.amazon.com/Alpha-Grillers-Stainless-Silicone-Dishwasher/dp/B00I937QEI/,B00I937QEI
"Orbule Mincer, Crusher And Garlic Press",https://www.amazon.com/ORBLUE-Garlic-Stainless-Mincer-Crusher/dp/B00HHLNRVE,B00HHLNRVE
Zyliss Susi 3 Garlic Press,https://www.amazon.com/ZYLISS-Susi-Garlic-Press-Need/dp/B007D3V00Q/,B007D3V00Q
Freetoo Garlic Press,https://www.amazon.com/FREETOO-Large-Capacity-Rustproof-Heavy-duty-Dishwasher/dp/B09BQN47M7,B09BQN47M7
Ballsy Funny Gift – Best Overall,https://www.amazon.com/dp/B09PFH1XJ1?maas=maas_adg_api_577082349805138155_macro_1_124&ref_=aa_maas&aa_adgroupid=adv_pg-145743_B09PFH1XJ1&aa_campaignid=adv_pub-01g9q1tptfgga1954v3db6fttm-465&aa_creativeid=UNKNOWN?tag=advon-commerce-031422-20,B09PFH1XJ1
KGBNCIE Funny Gift – Most Unique,https://www.amazon.com/dp/B07R56J5PW/?tag=advon-commerce-031422-20,B07R56J5PW
Banana Phone Funny Gift – Most Versatile,https://www.amazon.com/dp/B07QLCLJ2Q/?tag=advon-commerce-031422-20,B07QLCLJ2Q
Levenkeness Funny Gift – Most Functional,https://www.amazon.com/dp/B08B1K7H49/?tag=advon-commerce-031422-20,B08B1K7H49
ShineSand Funny Gift – Most Customizable,https://www.amazon.com/dp/B075X12G58/?tag=advon-commerce-031422-20,B075X12G58
Bamomby Funny Gift – Best for Father’s Day,https://www.amazon.com/dp/B007IEEP7K/?tag=advon-commerce-031422-20,B007IEEP7K
Boston America Gag Gifts Funny Gift – Best Retirement Gift,https://www.amazon.com/dp/B07QX3YJLH/?tag=advon-commerce-031422-20,B07QX3YJLH
mermaker Funny Gift – Best Blanket,https://www.amazon.com/dp/0762460806/?tag=advon-commerce-031422-20,0762460806
National Geographic Spy Kit  –  Best Overall,https://www.amazon.com/NATIONAL-GEOGRAPHIC-Spy-Science-Kit/dp/B0B4BNLPMH?maas=maas_adg_api_577728112653564703_macro_1_124&ref_=aa_maas&aa_adgroupid=adv_pg-126057_B0B4BNLPMH&aa_campaignid=adv_pub-01g8xzgn34pn180m02fqg57zgc-12&aa_creativeid=UNKNOWN?tag=mmclubav-20,B0B4BNLPMH
SpyX Spy Kit  –  Best for Gifts,https://www.amazon.com/dp/B00K74K996/?tag=mmclubav-20,B00K74K996
UNGLINGA Spy Kit  –  Most Versatile Kit,https://www.amazon.com/dp/B0875Y8B51/?tag=mmclubav-20,B0875Y8B51
ALEX Toys Spy Kit  –  Most Durable,https://www.amazon.com/dp/B00000IS65/?tag=mmclubav-20,B00000IS65
Spy Ninjas Spy Kit  –  Best Value,https://www.amazon.com/dp/B08DGNHT92/?tag=mmclubav-20,B08DGNHT92
National Geographic Jumbo Volcano Kit  –  Best Overall,https://www.amazon.com/dp/B0BDJ3B1YQ?maas=maas_adg_api_577728112653564703_macro_1_124&ref_=aa_maas&aa_adgroupid=adv_pg-136999_B0BDJ3B1YQ&aa_campaignid=adv_pub-01g8xzgn34pn180m02fqg57zgc-12&aa_creativeid=UNKNOWN?tag=mmclubav-20,B0BDJ3B1YQ
National Geographic Mega Science Lab  –  Most Features,https://www.amazon.com/dp/B09LRHSXW9?maas=maas_adg_api_577728112653564703_macro_1_124&ref_=aa_maas&aa_adgroupid=adv_pg-136999_B09LRHSXW9&aa_campaignid=adv_pub-01g8xzgn34pn180m02fqg57zgc-12&aa_creativeid=UNKNOWN?tag=mmclubav-20,B09LRHSXW9
National Geographic Crystal Growing Kit  –  Best Value,https://www.amazon.com/dp/B0BHTVH1LC?maas=maas_adg_api_577728112653564703_macro_1_124&ref_=aa_maas&aa_adgroupid=adv_pg-136999_B0BHTVH1LC&aa_campaignid=adv_pub-01g8xzgn34pn180m02fqg57zgc-12&aa_creativeid=UNKNOWN?tag=mmclubav-20,B0BHTVH1LC
National Geographic Science Kit  –  Longest Lasting,https://www.amazon.com/dp/B0BRTCPB6S?tag=mmclubav-20,B0BRTCPB6S
National Geographic Science Magic Kit  –  Best Science Magic Kit,https://www.amazon.com/dp/B0876F6STP/?tag=mmclubav-20,B0876F6STP
VitaCup Coffee,https://www.amazon.com/dp/B07B5B9S99?maas=maas_adg_api_579740076709904176_macro_1_124&ref_=aa_maas&aa_adgroupid=adv_pg-129496_B07B5B9S99&aa_campaignid=adv_pub-01g9q0m5b5c52j33ae1mbw5xeq-9&aa_creativeid=UNKNOWN&tag=aim-ohj-000928-20,B07B5B9S99
Four Sigmatic Coffee,https://www.amazon.com/dp/B00ZWA7LQ4,B00ZWA7LQ4
Real Good Coffee Company Coffee,https://www.amazon.com/dp/B01N4JBH3X/,B01N4JBH3X
Don Pablo Coffee,https://www.amazon.com/dp/B00PO9GCIG/,B00PO9GCIG
Koffee Kult Coffee,https://www.amazon.com/dp/B00ZS6LI70/,B00ZS6LI70
Stauf’s Coffee,https://www.amazon.com/dp/B07F41TYYM/,B07F41TYYM
DR CRAFTY Clear Epoxy Resin,https://www.amazon.com/Clear-Epoxy-Resin-Crystal-Countertop/dp/B07XHL2TFL?maas=maas_adg_api_588619006358482691_macro_1_3&ref_=aa_maas&aa_adgroupid=adv_pg-98630_B07XHL2TFL&aa_campaignid=adv_pub-01g8xs1r3mwhcg0kh7b7kkpsa9-166&aa_creativeid=UNKNOWN,B07XHL2TFL
CRAFT RESIN Epoxy Resin For Wood,https://www.amazon.com/dp/B083SRX7TJ?maas=maas_adg_api_589529603383658280_macro_1_124&ref_=aa_maas&aa_adgroupid=adv_pg-98630_B083SRX7TJ&aa_campaignid=adv_pub-01g8xs1r3mwhcg0kh7b7kkpsa9-7&aa_creativeid=UNKNOWN,B083SRX7TJ
Pro Marine Supplies Top Epoxy Resin,https://www.amazon.com/Crystal-Clear-Table-Coating-Tabletop/dp/B01M1RAW6D/,B01M1RAW6D
Superclear Premium Epoxy Pourable Resin,https://www.amazon.com/Superclear-Premium-Pourable-Concrete-Countertop/dp/B07DM84HCZ/,B07DM84HCZ
HXDZFX Epoxy Resin,https://www.amazon.com/Epoxy-Resin-Clear-Non-Toxic-Ounce/dp/B07JB5P76Z/,B07JB5P76Z
Incredible Solutions Epoxy Resin,https://www.amazon.com/1-Gallon-Leveling-Perfect-Counter-Tabletops/dp/B079CR71SL,B079CR71SL
Unicone Art Epoxy Resin,https://www.amazon.com/dp/B081Q7N36H,B081Q7N36H
DR. CRAFTY Epoxy Resin,https://www.amazon.com/dp/B07G5HY79C?maas=maas_adg_api_588619006358482691_macro_1_3&ref_=aa_maas&aa_adgroupid=adv_pg-94996_B07G5HY79C&aa_campaignid=adv_pub-01g9q0m5b5c52j33ae1mbw5xeq-166&aa_creativeid=UNKNOWN,B07G5HY79C
Craft Resin Epoxy Resin,https://www.amazon.com/dp/B083SRX7TJ,B083SRX7TJ
Pro Marine Epoxy Resin,https://www.amazon.com/dp/B01LYK2NAG/,B01LYK2NAG
Roxy Epoxy Clear Epoxy Resin,https://www.amazon.com/dp/B08HQR3D3K,B08HQR3D3K
Sig Wong Epoxy Resin,https://www.amazon.com/dp/B084PZG6HK/,B084PZG6HK
UNOKKI Epoxy Resin,https://www.amazon.com/Crystal-Non-Toxic-Scratching-Yellowing-Tumblers/dp/B086L1CDMT/,B086L1CDMT
Champion Medicine Ball – Best Overall,https://www.amazon.com/dp/B000KYS9YK?maas=maas_adg_api_591977455319902317_macro_1_124&ref_=aa_maas&aa_adgroupid=adv_pg-127156_B000KYS9YK&aa_campaignid=adv_pub-01g9q1tptfgga1954v3db6fttm-4&aa_creativeid=UNKNOWN&tag=advon-commerce-031422-20?tag=advon-commerce-031422-20,B000KYS9YK
Champion Sports Gel Filled Medicine Ball – Most Durable,https://www.amazon.com/dp/B0029VSDKW?tag=advon-commerce-031422-20,B0029VSDKW
A2ZCARE Toning Ball – Weighted Design,https://www.amazon.com/A2ZCARE-Toning-Ball-Weighted-Medicine/dp/B01N5611QC/?th=1?tag=advon-commerce-031422-20,B01N5611QC
Yes4All Toning Ball – Most Versatile,https://www.amazon.com/Yes4All-Soft-Weighted-Toning-Medicine/dp/B01DPBIFKW/?th=1?tag=advon-commerce-031422-20,B01DPBIFKW
ProsourceFit Soft Medicine Ball – Heavy Duty Design,https://www.amazon.com/ProSource-Medicine-CrossFit-Ex-ercises-Color-Coded/dp/B071YFR7RT/?th=1?tag=advon-commerce-031422-20,B071YFR7RT
Vitos Fitness Toning Soft Weighted Mini Ball – Most Compact,https://www.amazon.com/Vitos-Fitness-Weighted-Medicine-Training/dp/B07GKLTQ2C/?th=1?tag=advon-commerce-031422-20,B07GKLTQ2C
RitFit Medicine Ball – Also Consider,https://www.amazon.com/RitFit-Medicine-Strength-Conditioning-Workouts/dp/B09F698LXP/?th=1?tag=advon-commerce-031422-20,B09F698LXP
Champion Sports Medicine Balls – Best Overall,https://www.amazon.com/dp/B000KYQ6ZY?maas=maas_adg_api_591977455319902317_macro_1_124&ref_=aa_maas&aa_adgroupid=adv_pg-153438_B000KYQ6ZY&aa_campaignid=adv_pub-01g9q1tptfgga1954v3db6fttm-4&aa_creativeid=UNKNOWN&tag=advon-commerce-031422-20&th=1?tag=advon-commerce-031422-20,B000KYQ6ZY
Amazon Basics Medicine Ball – Most Versatile,https://www.amazon.com/AmazonBasics-Workout-Exercise-Weighted-Medicine/dp/B00R3N0BDS/?tag=advon-commerce-031422-20,B00R3N0BDS
Yes4All Slam Balls Medicine Ball – Most Variety,https://www.amazon.com/Yes4All-Slam-Strength-Crossfit-Workout/dp/B0773FSFYJ/?tag=advon-commerce-031422-20,B0773FSFYJ
BalanceFrom Medicine Ball – Best Material,https://www.amazon.com/BalanceFrom-Workout-Exercise-Weighted-Medicine/dp/B081M769PX/?tag=advon-commerce-031422-20,B081M769PX
F2C Medicine Ball – Best Construction,https://www.amazon.com/F2C-Medicine-Strength-Coordination-Exercise/dp/B0823SDPT5/?tag=advon-commerce-031422-20,B0823SDPT5
ProsourceFit Medicine Ball – Great Full-Body Workout,https://www.amazon.com/ProSource-Medicine-Textured-Conditioning-Exercises/dp/B07FR67WS2/?tag=advon-commerce-031422-20,B07FR67WS2
Champion Sports Rhino Promax Medicine Balls – No-Slip Grip,https://www.amazon.com/Champion-Sports-Rhino-Promax-Non-Slip/dp/B005SKUEYY/?tag=advon-commerce-031422-20,B005SKUEYY
Champion Sports Medicine Ball Workout – Best Overall,https://www.amazon.com/dp/B000KYQ70I?maas=maas_adg_api_591977455319902317_macro_1_124&ref_=aa_maas&aa_adgroupid=adv_pg-149638_B000KYQ70I&aa_campaignid=adv_pub-01g9q1tptfgga1954v3db6fttm-4&aa_creativeid=UNKNOWN&tag=advon-commerce-031422-20&th=1?tag=advon-commerce-031422-20,B000KYQ70I
Amazon Basics Medicine Ball for Workouts – Best For Beginners,https://www.amazon.com/dp/B00R3N0BDS/?tag=advon-commerce-031422-20,B00R3N0BDS
Yes4All Workout Medicine Ball – Best Slam Ball,https://www.amazon.com/dp/B0773FSFYJ/?tag=advon-commerce-031422-20,B0773FSFYJ
BalanceFrom Workout Medicine Ball – Most Selection,https://www.amazon.com/dp/B081M4GR82/?tag=advon-commerce-031422-20,B081M4GR82
F2C Medicine Ball Workout – Best Value,https://www.amazon.com/dp/B0823SDPT5/?tag=advon-commerce-031422-20,B0823SDPT5
Rage Fitness Medicine Ball Workout – Best for CrossFit,https://www.amazon.com/dp/B00P2ZBSQS/?tag=advon-commerce-031422-20,B00P2ZBSQS
Champion Sports Barre and Pilates Ball—Best Overall,https://www.amazon.com/dp/B000KYVI98?maas=maas_adg_api_591977455319902317_macro_1_124&ref_=aa_maas&aa_adgroupid=adv_pg-137434_B000KYVI98&aa_campaignid=adv_pub-01g8xm2v1057703ja8mn9z1h36-4&aa_creativeid=UNKNOWN&tag=hollywoodli09-20,B000KYVI98
nononfish Mini Exercise Barre Ball—Most Versatile,https://www.amazon.com/dp/B07L4TNMJ5/?tag=hollywoodli09-20,B07L4TNMJ5
TheraBand Mini Exercise Ball—Runner Up,https://www.amazon.com/dp/B008DIFJT8/?tag=hollywoodli09-20,B008DIFJT8
TopBine Exercise Pilates Ball—Honorable Mention,https://www.amazon.com/dp/B07D2CKPST/?tag=hollywoodli09-20,B07D2CKPST
FreeSouls Small Pilates Ball—Contender,https://www.amazon.com/dp/B076Q447PL/?tag=hollywoodli09-20,B076Q447PL
Craft ‘n’ Beyond Brush Tip Marker  –  Best Overall,https://www.amazon.com/dp/B08FCZC2R3?maas=maas_adg_api_593160189527457733_macro_1_124&ref_=aa_maas&aa_adgroupid=adv_pg-98661_B08FCZC2R3&aa_campaignid=adv_pub-01g8xnwn1ap63nezaycx7c3j4v-6&aa_creativeid=UNKNOWN?tag=thestreet01-20,B08FCZC2R3
Soucolor Artist Brush Markers (2-in-1)  –  Most Versatile,https://www.amazon.com/dp/B085DP36VF/?tag=thestreet01-20,B085DP36VF
Ohuhu Alcohol Markers (No Smudges)  –  Honorable Mention,https://www.amazon.com/dp/B07NRB5G3Q/?tag=thestreet01-20,B07NRB5G3Q
Dual Brush Marker Pens (Affordable)  –  Most Convenient,https://www.amazon.com/dp/B075WQPKNK/?tag=thestreet01-20,B075WQPKNK
Arteza Real Brush Pens (Premium Set)  –  Also Consider,https://www.amazon.com/dp/B01N9IY5QF?maas=maas_adg_api_592137527250108882_macro_1_124&ref_=aa_maas&aa_adgroupid=adv_pg-98661_B01N9IY5QF&aa_campaignid=adv_pub-01g8xnwn1ap63nezaycx7c3j4v-3&aa_creativeid=UNKNOWN&tag=thestreet01-20?tag=thestreet01-20,B01N9IY5QF
amFilm Tempered Glass Screen Protector  –  Best Overall,https://www.amazon.com/dp/B0B6BR3SH2?maas=maas_adg_api_578696199483932464_macro_1_124&ref_=aa_maas&aa_adgroupid=adv_pg-95053_B0B6BR3SH2&aa_campaignid=adv_pub-01g8xnwn1ap63nezaycx7c3j4v-10&aa_creativeid=UNKNOWN?tag=thestreet01-20,B0B6BR3SH2
Defenslim Tempered Glass Screen Protector  –  Most Convenient,https://www.amazon.com/dp/B0B6SPY7NN/?tag=thestreet01-20,B0B6SPY7NN
ESR Tempered Glass Screen Protector  –  Toughest Choice,https://www.amazon.com/dp/B0B6VBSKKT/?tag=thestreet01-20,B0B6VBSKKT
Ailun Tempered Glass Screen Protector  –  Great Value,https://www.amazon.com/dp/B07H2V5YLH?tag=thestreet01-20,B07H2V5YLH
JETech Tempered Glass Screen Protector  –  Best for iPhone 7/8,https://www.amazon.com/dp/B01KNVF4SI?tag=thestreet01-20,B01KNVF4SI
Mkeke Tempered Glass Screen Protector  –  Most Responsive,https://www.amazon.com/dp/B07HRN9J19?tag=thestreet01-20,B07HRN9J19
Milomdoi Tempered Glass Screen Protector  –  Best for Galaxy S22,https://www.amazon.com/dp/B09NKLP6B4/?tag=thestreet01-20,B09NKLP6B4
ZAGG Glass Screen Protector  –  Best Anti-Glare,https://www.amazon.com/dp/B07F9B6W8J?tag=thestreet01-20,B07F9B6W8J
KESHIMA Foundation Brush – Best Overall,https://www.amazon.com/dp/B00JLAOP3S?maas=maas_adg_api_586679953635313268_macro_1_124&ref_=aa_maas&aa_adgroupid=adv_pg-136691_B00JLAOP3S&aa_campaignid=adv_pub-01g9pywskec40w4z3f1fcm3wqy-19&aa_creativeid=UNKNOWN?tag=advon-usw-20,B00JLAOP3S
Daubigny Foundation Brush – Best Blending,https://www.amazon.com/dp/B07LBNV469/?tag=advon-usw-20,B07LBNV469
Lamora Foundation Brush – Best for Smooth Application,https://www.amazon.com/dp/B018FYTG70/?tag=advon-usw-20,B018FYTG70
Real Techniques Foundation Brush – Most Ergonomic,https://www.amazon.com/dp/B007O7AZBG/?tag=advon-usw-20,B007O7AZBG
Wet n Wild Foundation Brush – Best Value,https://www.amazon.com/dp/B019UN75AK/?tag=advon-usw-20,B019UN75AK
Raven Standard Document Scanner  –  Best Overall,https://www.amazon.com/dp/B08MB5H9G2?maas=maas_adg_api_583514450807705133_macro_1_124&ref_=aa_maas&aa_adgroupid=adv_pg-100317_B08MB5H9G2&aa_campaignid=adv_pub-01g8xnwn1ap63nezaycx7c3j4v-42&aa_creativeid=UNKNOWN?tag=thestreet01-20,B08MB5H9G2
Canon ImageFORMULA R40 Office Document Scanner  –  Runner Up,https://www.amazon.com/Canon-imageFORMULA-Document-Scanning-Software/dp/B07YNK4S9Y/?tag=thestreet01-20,B07YNK4S9Y
CZUR ET16-P Professional Book & Document Scanner  –  Honorable Mention,https://www.amazon.com/CZUR-Professional-Document-Curve-Flattening-Documents/dp/B07JCNQ8DK/?tag=thestreet01-20,B07JCNQ8DK
Fujitsu ScanSnap iX1600 Document Scanner  –  Also Consider,https://www.amazon.com/Fujitsu-ScanSnap-Versatile-Enabled-Document/dp/B08PH5Q51P/?tag=thestreet01-20,B08PH5Q51P
Doxie Go SE – The Intuitive Portable Scanner ,https://www.amazon.com/Doxie-Go-SE-Intuitive-Rechargeable/dp/B073H7V4DM/?tag=thestreet01-20,B073H7V4DM
Epson WorkForce ES-50 Document Scanner ,https://www.amazon.com/Epson-Workforce-ES-50-Portable-Sheet-fed/dp/B07KQZWPYN/?tag=thestreet01-20,B07KQZWPYN
Brother DS-640 Compact Document Scanner ,https://www.amazon.com/Brother-DS-640-Compact-Document-Scanner/dp/B083R36CY4/?tag=thestreet01-20,B083R36CY4
Florensi Meditation Pillow—Best Overall,https://www.amazon.com/dp/B08M6HPL6K?tag=hollywoodli09-20,B08M6HPL6K
Florensi Meditation Pillow—Best Pick,https://www.amazon.com/dp/B08CZYDYPJ?maas=maas_adg_api_589800210020713396_macro_1_124&ref_=aa_maas&aa_adgroupid=adv_pg-126067_B08CZYDYPJ&aa_campaignid=adv_pub-01g8xm2v1057703ja8mn9z1h36-17&aa_creativeid=UNKNOWN&tag=hollywoodli09-20,B08CZYDYPJ
Peace Yoga Meditation Pillow—Firmest Materials,https://www.amazon.com/dp/B01JQU3DF8/?tag=hollywoodli09-20,B01JQU3DF8
Hihealer Meditation Pillow—Multifunctional,https://www.amazon.com/dp/B08J81X2ZK/?tag=hollywoodli09-20,B08J81X2ZK
Seat Of Your Soul Meditation Pillow—Most Adjustable,https://www.amazon.com/dp/B01B8WS6QS/?tag=hollywoodli09-20,B01B8WS6QS
Lotuscrafts Meditation Pillow—Lightweight,https://www.amazon.com/dp/B07PZ71655/?tag=hollywoodli09-20,B07PZ71655
Glam Up Facial Sheet Mask – Best Overall,https://www.amazon.com/dp/B07C3NBJ33/?tag=advon-usw-20,B07C3NBJ33
Self-Love Workbook for Women – Runner Up,https://www.amazon.com/dp/1647397294?tag=advon-usw-20,1647397294
Coravin Timeless Three Plus Wine System – Best for Unwinding,https://www.amazon.com/dp/B095BRZYP2?tag=advon-usw-20,B095BRZYP2
Florensi Meditation Cushion – Best for Meditation,https://www.amazon.com/dp/B086N2XG33?maas=maas_adg_api_589800210020713396_macro_1_124&ref_=aa_maas&aa_adgroupid=adv_pg-126068_B086N2XG33&aa_campaignid=adv_pub-01g9pywskec40w4z3f1fcm3wqy-17&aa_creativeid=UNKNOWN?tag=advon-usw-20,B086N2XG33
Aquafit Half Gallon Water Bottle – Best for Hydration,https://www.amazon.com/dp/B094X6N4PG/?tag=advon-usw-20,B094X6N4PG
Cleverfy Aromatherapy Shower Steamer – Easy to Use,https://www.amazon.com/dp/B07P8SQVXR/?tag=advon-usw-20,B07P8SQVXR
Thena Relaxation Bath Salt – Ultimate Stress Reducer,https://www.amazon.com/dp/B01LXAV6QC/?tag=advon-usw-20,B01LXAV6QC
KneelyPad Garden Kneeler,https://www.amazon.com/dp/B08D75CJ83?maas=maas_adg_api_587052238114065525_macro_1_124&ref_=aa_maas&aa_adgroupid=adv_pg-94595_B08D75CJ83&aa_campaignid=adv_pub-01g8xrz070y0t85br3v2n5gzr6-20&aa_creativeid=UNKNOWN&tag=aim-gg-000314-20,B08D75CJ83
NoCry Garden Kneeler,https://www.amazon.com/dp/B08LTMW81Z?maas=maas_adg_api_590795100278462707_macro_1_124&ref_=aa_maas&aa_adgroupid=adv_pg-94595_B08LTMW81Z&aa_campaignid=adv_pub-01g8xrz070y0t85br3v2n5gzr6-43&aa_creativeid=UNKNOWN,B08LTMW81Z
RED Home Club Kneeling Pad,https://www.amazon.com/dp/B01EQFBZ7G/?tag=aim-gg1-20,B01EQFBZ7G
Gorilla Grip Thick Kneeling Pad,https://www.amazon.com/dp/B07QN89LKX/?tag=aim-gg1-20,B07QN89LKX
TomCare Garden Kneeler,https://www.amazon.com/dp/B073ZBKN1Y/?tag=aim-gg1-20,B073ZBKN1Y
SONGMICS Garden Kneeler,https://www.amazon.com/dp/B01CDU8T5C/?tag=aim-gg1-20,B01CDU8T5C
Dimple Kneeling Pad,https://www.amazon.com/dp/B079NFWS2F/?tag=aim-gg1-20,B079NFWS2F
Kiztini Silicone Baking Mat,https://www.amazon.com/dp/B07K6R8VNM?maas=maas_adg_api_588484759860433964_macro_1_124&ref_=aa_maas&aa_adgroupid=adv_pg-107517_B07K6R8VNM&aa_campaignid=adv_pub-01g8xs3633v880nd0n3hfnzdvj-22&aa_creativeid=UNKNOWN&tag=aim-cui-000943-20,B07K6R8VNM
Amazon Basics Food Safe Baking Mat,https://www.amazon.com/dp/B0725GYNG6/,B0725GYNG6
Folksy Super Kitchen Silicone Pastry Mat,https://www.amazon.com/dp/B01ACUA8HC/,B01ACUA8HC
Greenrain Silicone Pastry Mat,https://www.amazon.com/dp/B07MK2P53L/,B07MK2P53L
Gridmann Pro Silicone Baking Mat,https://www.amazon.com/dp/B06XX5LYCC/,B06XX5LYCC
ClearSpace Food Storage Containers,https://www.amazon.com/dp/B08BQBNXSQ/,B08BQBNXSQ
ComSaf Glass Food Storage Containers,https://www.amazon.com/dp/B09KR7WXJF/,B09KR7WXJF
NeoHome Food Storage Container,https://www.amazon.com/dp/B09DYQQMN8,B09DYQQMN8
KooK Food Storage Container,https://www.amazon.com/dp/B0B3Z1F5SC/,B0B3Z1F5SC
ClearSpace Food Storage Container,https://www.amazon.com/dp/B09JY8L6VD?maas=maas_adg_api_586709564802048855_macro_1_124&ref_=aa_maas&aa_adgroupid=adv_pg-108277_B09JY8L6VD&aa_campaignid=adv_pub-01g8xs3633v880nd0n3hfnzdvj-131&aa_creativeid=UNKNOWN,B09JY8L6VD
Simply Gourmet Food Storage Container,https://www.amazon.com/dp/B0871M5YPH/,B0871M5YPH
Chef’s Path Food Storage Container,https://www.amazon.com/dp/B0822JNHFY?maas=maas_adg_api_590772419982257273_macro_1_124&ref_=aa_maas&aa_adgroupid=adv_pg-108277_B0822JNHFY&aa_campaignid=adv_pub-01g8xs3633v880nd0n3hfnzdvj-27&aa_creativeid=UNKNOWN,B0822JNHFY
EatNeat Food Storage Container,https://www.amazon.com/dp/B09QY45P7T/,B09QY45P7T
Rubbermaid Food Storage Containers,https://www.amazon.com/dp/B07PSKSG1M/,B07PSKSG1M
Vtopmart Food Storage Containers,https://www.amazon.com/dp/B08DXG5VGC/,B08DXG5VGC
Chefs Path Food Storage Containers,https://www.amazon.com/dp/B07S1WGYX2/,B07S1WGYX2
OXO Good Grips Food Storage Containers,https://www.amazon.com/dp/B077VM684H/,B077VM684H
Sistema Food Storage Containers,https://www.amazon.com/dp/B00284AG5U/,B00284AG5U
PuroAir HEPA 14 Air Purifier  –  Best Overall,https://www.amazon.com/dp/B0998FWTHP?maas=maas_adg_api_579397526296226100_macro_1_124&ref_=aa_maas&aa_adgroupid=adv_pg-96411_B0998FWTHP&aa_campaignid=adv_pub-01g8xnwn1ap63nezaycx7c3j4v-478&aa_creativeid=UNKNOWN?tag=thestreet01-20,B0998FWTHP
HATHASPACE Dual Filtration Air Purifier  –  Classic Design,https://www.amazon.com/dp/B08XWQ5XG6?maas=maas_adg_api_584791921503907346_macro_1_124&ref_=aa_maas&aa_adgroupid=adv_pg-96411_B08XWQ5XG6&aa_campaignid=adv_pub-01g8xnwn1ap63nezaycx7c3j4v-23&aa_creativeid=UNKNOWN?tag=thestreet01-20,B08XWQ5XG6
Coway Mighty Air Purifier  –  Most Reliable,https://www.amazon.com/Coway-AP-1512HH-Mighty-Purifier-True/dp/B00BTKAPUU/?tag=thestreet01-20,B00BTKAPUU
Vornado Air Purifier  –  Honorable Mention,https://www.amazon.com/dp/B01C3GAC9W/?tag=thestreet01-20,B01C3GAC9W
VEVA Air Purifier  –  Most Convenient,https://www.amazon.com/dp/B092YHHHSN/?tag=thestreet01-20,B092YHHHSN
Winix Air Purifier  –  Also Consider,https://www.amazon.com/Winix-5500-2-Purifier-PlasmaWave-Reducing/dp/B01D8DAYII/?tag=thestreet01-20,B01D8DAYII
Levoit Air Purifier ,https://www.amazon.com/LEVOIT-Purifier-Home-Allergies-Pets/dp/B07VVK39F7/?tag=thestreet01-20,B07VVK39F7
HOME SANITIZER Industrial Air Purifier ,https://www.amazon.com/dp/B08JQFCM5X?tag=thestreet01-20,B08JQFCM5X
Partu Air Purifier ,https://www.amazon.com/PARTU-Hepa-Air-Purifier-Purifiers/dp/B07MM8FLTP/?tag=thestreet01-20,B07MM8FLTP
Toppin Air Purifier ,https://www.amazon.com/TOPPIN-Purifiers-Bedroom-Airborne-Contaminants/dp/B08JM7M8W9/?tag=thestreet01-20,B08JM7M8W9
GermGuardian Air Purifier ,https://www.amazon.com/GermGuardian-AC4825-Sanitizer-Allergens-Guardian/dp/B004VGIGVY/?tag=thestreet01-20,B004VGIGVY
Bissell Air Purifier ,https://www.amazon.com/Bissell-2780A-Personal-Purifier-Allergies/dp/B07VMHMHSM/?tag=thestreet01-20,B07VMHMHSM
SEEDR GARDEN WORKS Gardening Gifts for Women,https://www.amazon.com/dp/B0BFJV2D9T/?tag=aim-gg1-20,B0BFJV2D9T
Spade To Fork Gardening Gifts for Women,https://www.amazon.com/dp/B07HHMJBG2/?tag=aim-gg1-20,B07HHMJBG2
Garden Republic Gardening Gifts for Women,https://www.amazon.com/dp/B07PDHR3ZT/?tag=aim-gg1-20,B07PDHR3ZT
Plant Theatre Gardening Gifts for Women,https://www.amazon.com/dp/B00Q74B598/?tag=aim-gg1-20,B00Q74B598
JUMPHIGH Gardening Gifts for Women,https://www.amazon.com/dp/B07DLTVFKK/?tag=aim-gg1-20,B07DLTVFKK
Seeding Square Gardening Gifts for Women,https://www.amazon.com/dp/B00US8ESWK/?tag=aim-gg1-20,B00US8ESWK
WANYIDP Gardening Gardening Gifts for Women,https://www.amazon.com/dp/B08C7HXJR9/?tag=aim-gg1-20,B08C7HXJR9
SEEDR GARDEN WORKS Garden Tote,https://www.amazon.com/dp/B0BFJWFCTR?maas=maas_adg_api_592329335937260581_macro_1_124&ref_=aa_maas&aa_adgroupid=adv_pg-112174_B0BFJWFCTR&aa_campaignid=adv_pub-01g8xrz070y0t85br3v2n5gzr6-52&aa_creativeid=UNKNOWN,B0BFJWFCTR
WORKPRO Garden Tote,https://www.amazon.com/dp/B07TB4JS3N/?tag=aim-gg1-20,B07TB4JS3N
Housolution Garden Tote,https://www.amazon.com/dp/B07K75KFMZ/?tag=aim-gg1-20,B07K75KFMZ
McGuire-Nicholas Garden Tote,https://www.amazon.com/dp/B003JKL0WU/?tag=aim-gg1-20,B003JKL0WU
GERYMU Garden Tote,https://www.amazon.com/dp/B094N67YG8/?tag=aim-gg1-20,B094N67YG8
Jo Chef Cooking Torch,https://www.amazon.com/dp/B089G4C69W?maas=maas_adg_api_594283711350702742_macro_1_124&ref_=aa_maas&aa_adgroupid=adv_pg-107220_B089G4C69W&aa_campaignid=adv_pub-01g8xs3633v880nd0n3hfnzdvj-74&aa_creativeid=UNKNOWN,B089G4C69W
EurKitchen Butane Torch,https://www.amazon.com/dp/B0176TZO9E,B0176TZO9E
SearPro Cooking Torch,https://www.amazon.com/dp/B08NWM3ZKB,B08NWM3ZKB
Sondiko Butane Torch,https://www.amazon.com/dp/B07L8YPYQK/,B07L8YPYQK
TBTEEK Kitchen Torch,https://www.amazon.com/dp/B07PFVN7WL/,B07PFVN7WL
NANW Butane Torch,https://www.amazon.com/dp/B08215QV64/,B08215QV64
Gibot Butane Torch,https://www.amazon.com/dp/B074C8PJSS/,B074C8PJSS
Plushible Bunny Stuffed Animal  –  Best Overall,https://www.amazon.com/dp/B0B358TD51?maas=maas_adg_api_581434874903419220_macro_1_124&ref_=aa_maas&aa_adgroupid=adv_pg-133801_B0B35C6JNJ&aa_campaignid=adv_pub-01g8xzgn34pn180m02fqg57zgc-86&aa_creativeid=UNKNOWN?tag=mmclubav-20,B0B358TD51
Melissa & Doug Stuffed Animal  –  Runner Up,https://www.amazon.com/dp/B004N7NFSK/?tag=mmclubav-20,B004N7NFSK
Douglas Stuffed Animal  –  Happiest Expression,https://www.amazon.com/dp/B00W8LBTMC/?tag=mmclubav-20,B00W8LBTMC
Bellzi Stuffed Animal  –  Best Expression,https://www.amazon.com/dp/B08B7GXM2P/?tag=mmclubav-20,B08B7GXM2P
Aurora World Stuffed Animal  –  Most Realistic Features,https://www.amazon.com/dp/B00LMZL3BM/?tag=mmclubav-20,B00LMZL3BM
LotFancy Stuffed Animal  –  Most Eco-friendly,https://www.amazon.com/dp/B079B944C1/?tag=mmclubav-20,B079B944C1
Perfect Image Salicylic Acid Cleanser – Best Overall,https://www.amazon.com/dp/B007004PZO?maas=maas_adg_api_583941533467513498_macro_1_124&ref_=aa_maas&aa_adgroupid=adv_pg-126688_B007004PZO&aa_campaignid=adv_pub-01g9pywskec40w4z3f1fcm3wqy-412&aa_creativeid=UNKNOWN?tag=advon-usw-20,B007004PZO
OrganiClear Salicylic Acid Cleanser – Premium Pick,https://www.amazon.com/dp/B01BXBRCZA?maas=maas_adg_api_578799539539993710_macro_1_124&ref_=aa_maas&aa_adgroupid=adv_pg-126688_B01BXBRCZA&aa_campaignid=adv_pub-01g9pywskec40w4z3f1fcm3wqy-77&aa_creativeid=UNKNOWN?tag=advon-usw-20,B01BXBRCZA
Paula’s Choice Salicylic Acid Cleanser – Best for Clogged Pores,https://www.amazon.com/dp/B00949CTQQ/?tag=advon-usw-20,B00949CTQQ
CeraVe Salicylic Acid Cleanser – Most Hydrating,https://www.amazon.com/dp/B00U1YCRD8/?tag=advon-usw-20,B00U1YCRD8
Murad Salicylic Acid Cleanser – Best for Blackheads,https://www.amazon.com/dp/B000GDDKIU/?tag=advon-usw-20,B000GDDKIU
Neutrogena Salicylic Acid Cleanser – Best for Oily Skin,https://www.amazon.com/dp/B07GKVBRMP/?tag=advon-usw-20,B07GKVBRMP
FlipBelt Leggings With Pockets – Best Overall,https://www.amazon.com/dp/B094NXRKFV?maas=maas_adg_api_584450761735544291_macro_1_124&ref_=aa_maas&aa_adgroupid=adv_pg-126689_B094NXRKFV&aa_campaignid=adv_pub-01gc7jwbdcp8vta2ds9qk7nsbt-82&aa_creativeid=UNKNOWN&tag=advon-commerce-031422-20?tag=advon-commerce-031422-20,B094NXRKFV
SATINA High-Waisted Leggings – Best Value,https://www.amazon.com/dp/B083C58G34?tag=advon-commerce-031422-20,B083C58G34
Colorfulkoala Women’s High-Waisted Yoga Pants – Best Colors,https://www.amazon.com/dp/B07G55R2LB?tag=advon-commerce-031422-20,B07G55R2LB
Ewedoos Women’s Yoga Pants with Pockets – Practical Design,https://www.amazon.com/dp/B08YD9NY5P?tag=advon-commerce-031422-20,B08YD9NY5P
Beverly Hills Doll Accessory  –  Best Overall,https://www.amazon.com/dp/B018SMUKII?maas=maas_adg_api_577128634505764562_macro_1_124&ref_=aa_maas&aa_adgroupid=adv_pg-137004_B018SMUKII&aa_campaignid=adv_pub-01g8xzgn34pn180m02fqg57zgc-83&aa_creativeid=UNKNOWN?tag=mmclubav-20,B018SMUKII
KOOKAMUNGA KIDS Doll Accessory  –  Most Versatile,https://www.amazon.com/dp/B07T9DDJ91/?tag=mmclubav-20,B07T9DDJ91
Lissi Doll Accessory  –  Great Value,https://www.amazon.com/dp/B077NPCFSL/?tag=mmclubav-20,B077NPCFSL
Prextex Doll Accessory  –  Best Kit,https://www.amazon.com/dp/B07VN8TBQR/?tag=mmclubav-20,B07VN8TBQR
fash n kolor Doll Accessory  –  Affordable Choice,https://www.amazon.com/dp/B07PQBSH8S/?tag=mmclubav-20,B07PQBSH8S
Litti Pritti Doll Accessory  –  Highest Quality,https://www.amazon.com/dp/B08LZS9KW4/?tag=mmclubav-20,B08LZS9KW4
Halter Folding Desk  –  Best Overall,https://www.amazon.com/dp/B082DLZCNL?maas=maas_adg_api_582541354775880548_macro_1_124&ref_=aa_maas&aa_adgroupid=adv_pg-94963_B082DLZCNL&aa_campaignid=adv_pub-01g8xnwn1ap63nezaycx7c3j4v-209&aa_creativeid=UNKNOWN?tag=thestreet01-20,B082DLZCNL
Coavas Folding Desk  –  Minimalist Design,https://www.amazon.com/dp/B06XZV3F8F/?tag=thestreet01-20,B06XZV3F8F
4NM Small Folding Desk  –  Modern Look,https://www.amazon.com/dp/B082F6GHPS/?tag=thestreet01-20,B082F6GHPS
Cubiker Folding Desk  –  Best Construction,https://www.amazon.com/dp/B07ZRMTCYZ/?tag=thestreet01-20,B07ZRMTCYZ
Need Small Folding Desk  –  Great for Homeschooling,https://www.amazon.com/dp/B00UV7AQQK/?tag=thestreet01-20,B00UV7AQQK
SeoulCeuticals Facial Moisturizer – Best Overall,https://www.amazon.com/dp/B07BB3FK19?maas=maas_adg_api_578068869186074424_macro_1_124&ref_=aa_maas&aa_adgroupid=adv_pg-137008_B07BB3FK19&aa_campaignid=adv_pub-01g9pywskec40w4z3f1fcm3wqy-84&aa_creativeid=UNKNOWN&tag=advon-usw-20?tag=advon-usw-20,B07BB3FK19
COSRX Facial Moisturizer – Smooth Formula,https://www.amazon.com/dp/B01LEJ5MSK/?tag=advon-usw-20,B01LEJ5MSK
Cetaphil Facial Moisturizer – Combination Skin,https://www.amazon.com/dp/B01MG4PSK4/?tag=advon-usw-20,B01MG4PSK4
Neutrogena Facial Moisturizer – Dry Skin,https://www.amazon.com/dp/B0973SMMD7/?tag=advon-usw-20,B0973SMMD7
CeraVe Facial Moisturizer – Sun Protection,https://www.amazon.com/dp/B00F97FHAW/?tag=advon-usw-20,B00F97FHAW
L’Oreal Paris Facial Moisturizer – Anti-aging,https://www.amazon.com/dp/B002JDUMFO/?tag=advon-usw-20,B002JDUMFO
THE COMFY | The Original Wearable Sherpa Blanket—Best Overall,https://www.amazon.com/dp/B07DKSY26D/?tag=hollywoodli09-20,B07DKSY26D
Catalonia Hoodie Blanket Sweatshirt—Best Microfleece,https://www.amazon.com/dp/B07JHN77L3/?tag=hollywoodli09-20,B07JHN77L3
Cmtpuy Sweatshirt Blanket—Honorable Mention,https://www.amazon.com/dp/B07WH84JBW/?tag=hollywoodli09-20,B07WH84JBW
Felicigeely Blanket Sweatshirt—Contender,https://www.amazon.com/dp/B081RYKP8F/?tag=hollywoodli09-20,B081RYKP8F
THREE POODLE Blanket Sweatshirt—Cute Pattern,https://www.amazon.com/dp/B0998WKMVF?tag=hollywoodli09-20,B0998WKMVF
THE COMFY Dream Wearable Blanket—Best Overall,https://www.amazon.com/dp/B086KZN51M?maas=maas_adg_api_592725366091124697_macro_1_124&ref_=aa_maas&aa_adgroupid=adv_pg-137424_B086KZN51M&aa_campaignid=adv_pub-01g8xm2v1057703ja8mn9z1h36-89&aa_creativeid=UNKNOWN&tag=hollywoodli09-20,B086KZN51M
PAVILIA Premium Fleece Blanket—Lightweight Material,https://www.amazon.com/dp/B0745MFSYC/?tag=hollywoodli09-20,B0745MFSYC
THREE POODLE Wearable Blanket—Best Design,https://www.amazon.com/dp/B0998WKMVF?tag=hollywoodli09-20,B0998WKMVF
Catalonia Wearable Fleece Blanket—Best for Feet,https://www.amazon.com/dp/B075RWGYZY/?tag=hollywoodli09-20,B075RWGYZY
Tirrinia Wearable Fleece Blanket—Best Size,https://www.amazon.com/dp/B076K8B9ZS/?tag=hollywoodli09-20,B076K8B9ZS
CANDY CANE Wearable Fleece Blanket—Best Button Closure,https://www.amazon.com/dp/B07V9VGGQL/?tag=hollywoodli09-20,B07V9VGGQL
Softan Wearable Fleece Blanket—Most Adjustable,https://www.amazon.com/dp/B07SZ6GHX7/?tag=hollywoodli09-20,B07SZ6GHX7
Kanguru Wearable Blanket With Sleeves—Most Comfortable,https://www.amazon.com/dp/B07TXN669J/?tag=hollywoodli09-20,B07TXN669J
Plushible Wearable Blanket For Adults—Honorable Mention,https://www.amazon.com/dp/B081HF4X2M?tag=hollywoodli09-20,B081HF4X2M
The Comfy Kids’ Hoodies  –  Best Overall,https://www.amazon.com/dp/B07RWR6K12?maas=maas_adg_api_592725366091124697_macro_1_124&ref_=aa_maas&aa_adgroupid=adv_pg-137006_B07RWR6K12&aa_campaignid=adv_pub-01g8xzgn34pn180m02fqg57zgc-89&aa_creativeid=UNKNOWN?tag=mmclubav-20,B07RWR6K12
Gildan Kids’ Hoodies  –  Highest Quality,https://www.amazon.com/dp/B076C3XTSZ/?tag=mmclubav-20,B076C3XTSZ
Fruit of the Loom Kids’ Hoodies  –  Most Comfortable,https://www.amazon.com/dp/B07SPY8SJB/?tag=mmclubav-20,B07SPY8SJB
Russel Athletic Kids’ Hoodies  –  Most Reliable,https://www.amazon.com/dp/B008HTNEKY/?tag=mmclubav-20,B008HTNEKY
Gamisote Kids’ Hoodies  –  Most Stylish,https://www.amazon.com/dp/B089YDXJC7/?tag=mmclubav-20,B089YDXJC7
Fullstar Vegetable Chopper,https://www.amazon.com/dp/B0764HS4SL?maas=maas_adg_api_590887459293620631_macro_1_3&ref_=aa_maas&aa_adgroupid=adv_pg-106968_B0764HS4SL&aa_campaignid=adv_pub-01g8xs3633v880nd0n3hfnzdvj-95&aa_creativeid=UNKNOWN,B0764HS4SL
Mueller Austria Vegetable Chopper,https://www.amazon.com/dp/B01CT63964/,B01CT63964
VEVOR Vegetable Chopper,https://www.amazon.com/dp/B082FW5F1Z,B082FW5F1Z
LHS Vegetable Chopper,https://www.amazon.com/dp/B07DKDNMS3/,B07DKDNMS3
Hamilton Beach Vegetable Chopper,https://www.amazon.com/dp/B06Y2GZWCJ/,B06Y2GZWCJ
DOZ by SIJO Cooling Sheet Set,https://www.amazon.com/dp/B0B8JFR17Q?maas=maas_adg_api_581604918599117345_macro_1_124&ref_=aa_maas&aa_adgroupid=adv_pg-135652_B0B8JFR17Q&aa_campaignid=adv_pub-01g9q0m5b5c52j33ae1mbw5xeq-88&aa_creativeid=UNKNOWN,B0B8JFR17Q
Mellanni Cooling Sheet Set,https://www.amazon.com/dp/B00SBZJ8NG/,B00SBZJ8NG
CGK Unlimited Cooling Sheet Set,https://www.amazon.com/dp/B06X9M8NTC/,B06X9M8NTC
BEDSURE Cooling Sheet Set,https://www.amazon.com/dp/B07YKCQBBL/,B07YKCQBBL
California Design Den Cooling Sheet Set,https://www.amazon.com/dp/B06Y3TVSKD/,B06Y3TVSKD
LuxClub Bed Sheet Set,https://www.amazon.com/dp/B0727YMRWP/,B0727YMRWP
Miracle Made Bed Sheets,https://www.amazon.com/dp/B0935KF1FW,B0935KF1FW
Miracle Made Bed Sheet,https://www.amazon.com/dp/B0B8JK44NY?maas=maas_adg_api_581604918599117345_macro_1_124&ref_=aa_maas&aa_adgroupid=adv_pg-117190_B0B8JK44NY&aa_campaignid=adv_pub-01g9q0m5b5c52j33ae1mbw5xeq-88&aa_creativeid=UNKNOWN,B0B8JK44NY
DOZ by SIJO Bamboo Bed Sheet Set,https://www.amazon.com/dp/B00Q7OB1TM/,B00Q7OB1TM
Amazon Basics Bed Sheet Set,https://www.amazon.com/dp/B00NLLUMOE/,B00NLLUMOE
Mellanni Bed Sheet Set,https://www.amazon.com/dp/B06X9M8G8N/,B06X9M8G8N
CGK Unlimited Bed Sheet Set,https://www.amazon.com/dp/B00J602E90/,B00J602E90
LuxClub Bamboo Bed Sheets,https://www.amazon.com/dp/B07196BXRT,B07196BXRT
DOZ by SIJO Bamboo Bed Sheet,https://www.amazon.com/dp/B0B8JNC7GP?maas=maas_adg_api_581604918599117345_macro_1_124&ref_=aa_maas&aa_adgroupid=adv_pg-115116_B0B8JNC7GP&aa_campaignid=adv_pub-01g9q0m5b5c52j33ae1mbw5xeq-88&aa_creativeid=UNKNOWN,B0B8JNC7GP
BAMPURE Bamboo Bed Sheets,https://www.amazon.com/dp/B07X8FPWJH/,B07X8FPWJH
Pure Bamboo Bed Sheets,https://www.amazon.com/dp/B07MZ4GKZH/,B07MZ4GKZH
Hotel Sheets Bamboo Bed Sheets,https://www.amazon.com/dp/B072WT7WQ8/,B072WT7WQ8
BEDSURE Bamboo Bed Sheets,https://www.amazon.com/dp/B07YKCZHGK/,B07YKCZHGK
Leitner Wireless Office Headset  –  Best Overall,https://www.amazon.com/dp/B01M6482F7?maas=null&ref_=aa_maas&aa_adgroupid=adv_pg-95403_B01M6482F7&aa_campaignid=adv_pub-01g8xnwn1ap63nezaycx7c3j4v-103&aa_creativeid=UNKNOWN?tag=thestreet01-20,B01M6482F7
New Bee Wireless Bluetooth Headset  –  Quick Charge,https://www.amazon.com/dp/B07FMSJZ3R/?tag=thestreet01-20,B07FMSJZ3R
ICOMTOFIT Bluetooth Headset  –  Comfortable Fit,https://www.amazon.com/dp/B07KQ38L2B/?tag=thestreet01-20,B07KQ38L2B
Plantronics Bluetooth Headset  –  Water Resistant Headset,https://www.amazon.com/dp/B00DQ5NU76/?tag=thestreet01-20,B00DQ5NU76
YAMAY Noise-Cancelling Wireless Bluetooth Headset  –  Ideal for Call Centers,https://www.amazon.com/dp/B07L13Y3K2/?tag=thestreet01-20,B07L13Y3K2
BlueParrott Bluetooth Headset  –  For Busy Workplaces,https://www.amazon.com/dp/B01M3MMFA5/?tag=thestreet01-20,B01M3MMFA5
BEARTWO Foldable Bluetooth Headset  –  Highly Portable,https://www.amazon.com/dp/B07FGFNP48/?tag=thestreet01-20,B07FGFNP48
COMEXION Bluetooth Headset  –  Stylish Colors,https://www.amazon.com/dp/B07P1X9KX5/?tag=thestreet01-20,B07P1X9KX5
Conambo Bluetooth Headset  –  Amazing Microphone,https://www.amazon.com/dp/B07SL21R9G/?tag=thestreet01-20,B07SL21R9G
Junk Food Oversized T-Shirt – Best Overall,https://www.amazon.com/dp/B0BCMB87R2?maas=maas_adg_api_579256780904683082_macro_1_124&ref_=aa_maas&aa_adgroupid=adv_pg-126702_B0BCMB87R2&aa_campaignid=adv_pub-01g9pywskec40w4z3f1fcm3wqy-111&aa_creativeid=UNKNOWN?tag=advon-usw-20,B0BCMB87R2
Soly Hux Oversized T-shirt – Runner Up,https://www.amazon.com/dp/B08K739GG9/?tag=advon-usw-20,B08K739GG9
Fenxxxl Oversized T-shirt – Softest Material,https://www.amazon.com/dp/B089DFC9YT/?tag=advon-usw-20,B089DFC9YT
LIYOHON Oversized T-shirt – Top Size Variety,https://www.amazon.com/dp/B07TTZJW1G/?tag=advon-usw-20,B07TTZJW1G
Goranbon Oversized T-shirt – Most Comfortable,https://www.amazon.com/dp/B09732F1WT/?tag=advon-usw-20,B09732F1WT
Ebifin Oversized T-shirt – Best Material,https://www.amazon.com/dp/B093LCYVRS/?tag=advon-usw-20,B093LCYVRS
Junk Food NFL Apparel – Best Overall,https://www.amazon.com/dp/B09XFFW27G?maas=maas_adg_api_579256780904683082_macro_1_124&ref_=aa_maas&aa_adgroupid=adv_pg-126703_B09XFFW27G&aa_campaignid=adv_pub-01g9pywskec40w4z3f1fcm3wqy-111&aa_creativeid=UNKNOWN?tag=advon-usw-20,B09XFFW27G
FOCO NFL Apparel – Lightweight Clog Shoes,https://www.amazon.com/dp/B09GW6TRBC/?tag=advon-usw-20,B09GW6TRBC
Team Fan NFL Apparel – Fleece Pullover Hoodie,https://www.amazon.com/dp/B09JXH1HTZ/?tag=advon-usw-20,B09JXH1HTZ
Ultra Game NFL Apparel – Fleece Zipper Jacket,https://www.amazon.com/dp/B01MQK471V/?tag=advon-usw-20,B01MQK471V
Northwest NFL Apparel – Unisex Bathrobe,https://www.amazon.com/dp/B016N01DRY/?tag=advon-usw-20,B016N01DRY
Junk Food NFL Hoodie—Best Overall,https://www.amazon.com/dp/B0B92MC29V?maas=maas_adg_api_579256780904683082_macro_1_124&ref_=aa_maas&aa_adgroupid=adv_pg-126704_B0B92MC29V&aa_campaignid=adv_pub-01g8xm2v1057703ja8mn9z1h36-111&aa_creativeid=UNKNOWN&tag=hollywoodli09-20,B0B92MC29V
FOCO NFL Hoodie—Comfortable Pick,https://www.amazon.com/dp/B07ZSCHW6F/?tag=hollywoodli09-20,B07ZSCHW6F
Team Fan Apparel NFL Hoodie—Warm Pick,https://www.amazon.com/dp/B09JX24DMF/?tag=hollywoodli09-20,B09JX24DMF
New Era NFL Hoodie—Premium Pick,https://www.amazon.com/dp/B08JQQ2J79/?tag=hollywoodli09-20,B08JQQ2J79
Ultra Game NFL Hoodie—Top Quality Pick,https://www.amazon.com/dp/B076MLHJQ1/?tag=hollywoodli09-20,B076MLHJQ1
Levana Abdominal Movement Monitor  –  Best Overall,https://www.amazon.com/dp/B07FCDMPM3/?tag=mmclubav-20,B07FCDMPM3
Snuza Baby Breathing Monitor  –  Stimulation Feature,https://www.amazon.com/dp/B07J4CNB8C/?tag=mmclubav-20,B07J4CNB8C
Sense-U Abdominal Movement Monitor  –  Easy to Clip On,https://www.amazon.com/dp/B0828KQM1W/?tag=mmclubav-20,B0828KQM1W
Owlet Baby Breathing Monitor  –  Beautiful Design,https://www.amazon.com/dp/B09QY2H8SG/?tag=mmclubav-20,B09QY2H8SG
Nanit Abdominal Movement Monitor  –  Perfect Night Vision,https://www.amazon.com/dp/B08R151BX3/?tag=mmclubav-20,B08R151BX3
SereneLife Inflatable Hot Tub,https://www.amazon.com/dp/B09FVG28DF/,B09FVG28DF
Bestway Inflatable Hot Tub,https://www.amazon.com/dp/B09N9XH779,B09N9XH779
Coleman Inflatable Hot Tub,https://www.amazon.com/dp/B084Z7Z3BS?maas=maas_adg_api_579758582948251126_macro_1_124&ref_=aa_maas&aa_adgroupid=adv_pg-117698_B084Z7Z3BS&aa_campaignid=adv_pub-01g9q0m5b5c52j33ae1mbw5xeq-119&aa_creativeid=UNKNOWN,B084Z7Z3BS
Intex Inflatable Hot Tub,https://www.amazon.com/dp/B0831P1CCD/,B0831P1CCD
SaluSpa Inflatable Hot Tub,https://www.amazon.com/dp/B07CJKFQ2T,B07CJKFQ2T
Coleman Inflatable Hot Tub,https://www.amazon.com/dp/B07CJKFQ2T?maas=maas_adg_api_579758582948251126_macro_1_124&ref_=aa_maas&aa_adgroupid=adv_pg-123687_B07CJKFQ2T&aa_campaignid=adv_pub-01g9q0m5b5c52j33ae1mbw5xeq-119&aa_creativeid=UNKNOWN,B07CJKFQ2T
Dynamic Sauna,https://www.amazon.com/dp/B002063VYY?maas=maas_adg_api_579758582948251126_macro_1_124&ref_=aa_maas&aa_adgroupid=adv_pg-104113_B002063VYY&aa_campaignid=adv_pub-01g9q0m5b5c52j33ae1mbw5xeq-127&aa_creativeid=UNKNOWN,B002063VYY
Heat Wave Sauna,https://www.amazon.com/dp/B0063E9DZA/,B0063E9DZA
BOTARO Sauna,https://www.amazon.com/dp/B01HEZW74A/,B01HEZW74A
SereneLife Sauna,https://www.amazon.com/dp/B084GY5CHB/,B084GY5CHB
Durasage Sauna,https://www.amazon.com/dp/B07J1Z14DF/,B07J1Z14DF
Total Gym Home Gym Equipment – Best Overall,https://www.amazon.com/dp/B084Z19CNF?maas=maas_adg_api_579758582948251126_macro_1_124&ref_=aa_maas&aa_adgroupid=adv_pg-137421_B084Z19CNF&aa_campaignid=adv_pub-01gpy6k4tcwa55733p8td83an0-121&aa_creativeid=UNKNOWN?tag=advon-commerce-031422-20,B084Z19CNF
VINSGUIR Home Gym Equipment – Most Sturdy,https://www.amazon.com/dp/B07RKW5H68/?tag=advon-commerce-031422-20,B07RKW5H68
Ally Peaks Home Gym Equipment – Easy Assembly,https://www.amazon.com/dp/B08MY199C1/?tag=advon-commerce-031422-20,B08MY199C1
DMoose Fitness Home Gym Equipment – Most Comfortable,https://www.amazon.com/dp/B07778BQRJ/?tag=advon-commerce-031422-20,B07778BQRJ
Sportsroyals Home Gym Equipment – Most Stable,https://www.amazon.com/dp/B07SM8VJ6P/?tag=advon-commerce-031422-20,B07SM8VJ6P
CLAM Ice Fishing Tent  –  Best Overall,https://www.amazon.com/dp/B07TDHK1YS?maas=maas_adg_api_579758582948251126_macro_1_124&ref_=aa_maas&aa_adgroupid=adv_pg-109153_B07TDHK1YS&aa_campaignid=adv_pub-01g8xsh9z30ya4692n2403680x-122&aa_creativeid=UNKNOWN?tag=aim-sail1-20,B07TDHK1YS
Eskimo Pop-Up Ice Fishing Tent  –  Most Resilient,https://www.amazon.com/dp/B00B3YV9MK?th=1?tag=aim-sail1-20,B00B3YV9MK
Goplus Portable Pop-Up Ice Fishing Tent  –  Best Portability,https://www.amazon.com/dp/B078PKQHR2?tag=aim-sail1-20,B078PKQHR2
Nordic Legend Store Ice Fishing Tent  –  Best Wind Resistance,https://www.amazon.com/dp/B01MTMJD84/?tag=aim-sail1-20,B01MTMJD84
THUNDERBAY Ice Fishing Tent  –  Best Durability,https://www.amazon.com/dp/B019CU59VI/?tag=aim-sail1-20,B019CU59VI
Gelish Gel Nail Polish Kit—Best Overall,https://www.amazon.com/dp/B007U7TORG?maas=maas_adg_api_579758582948251126_macro_1_124&ref_=aa_maas&aa_adgroupid=adv_pg-137425_B007U7TORG&aa_campaignid=adv_pub-01g8xm2v1057703ja8mn9z1h36-124&aa_creativeid=UNKNOWN&tag=hollywoodli09-20,B007U7TORG
MelodySusie 28-Piece Gel Nail Polish Kit—Excellent Ductility,https://www.amazon.com/dp/B08LNDDB8T?tag=hollywoodli09-20,B08LNDDB8T
Modelones Gel Nail Polish Kit—Best UV Light,https://www.amazon.com/dp/B07V299ZDD/?tag=hollywoodli09-20,B07V299ZDD
Beetles Nude Grays Gel Nail Polish Kit—Best Colors,https://www.amazon.com/dp/B083QJBFCZ/?tag=hollywoodli09-20,B083QJBFCZ
GELLEN Gel Nail Polish Kit—Great Gift Idea,https://www.amazon.com/dp/B08FMDMTFK?tag=hollywoodli09-20,B08FMDMTFK
Aibrit 23 Pcs Gel Nail Polish Kit—Honorable Mention,https://www.amazon.com/dp/B0827N9P6J/?tag=hollywoodli09-20,B0827N9P6J
Joytii Gel Nail Polish Start Kit—Also Consider,https://www.amazon.com/dp/B083J4L2H9/?tag=hollywoodli09-20,B083J4L2H9
Cave Tools BBQ Grills Accessories,https://www.amazon.com/dp/B011VJ51J8,B011VJ51J8
Cave Tools Grill Accessories,https://www.amazon.com/dp/B01IRDA9D4,B01IRDA9D4
BEAR MOUNTAIN BBQ Grill Accessories,https://www.amazon.com/dp/B086Z6PDFH?maas=maas_adg_api_579758582948251126_macro_1_124&ref_=aa_maas&aa_adgroupid=adv_pg-97590_B086Z6PDFH&aa_campaignid=adv_pub-01g9q0m5b5c52j33ae1mbw5xeq-126&aa_creativeid=UNKNOWN,B086Z6PDFH
Grill Heat Aid BBQ Grill Accessories,https://www.amazon.com/dp/B00WLCA3XY,B00WLCA3XY
Grill Heat Aid Steel BBQ Set,https://www.amazon.com/dp/B00WUOS4EI,B00WUOS4EI
Weber BBQ Grill Accessory,https://www.amazon.com/dp/B009IH0BYQ/,B009IH0BYQ
Alpha Grillers BBQ Grill Accessory,https://www.amazon.com/dp/B00NE5IF3W/,B00NE5IF3W
Cave Tools BBQ Grill Accessory,https://www.amazon.com/dp/B00KP14E9M/,B00KP14E9M
SMOKE & GRILL BBQ Accessory,https://www.amazon.com/dp/B0887M8J8W/,B0887M8J8W
Dailyart BBQ Grill Accessory,https://www.amazon.com/dp/B07RX4JN5Q/,B07RX4JN5Q
Sage Owl BBQ Grill Accessories,https://www.amazon.com/dp/B073VB5NPP,B073VB5NPP
01 BLUETTI Portable Power Station,https://www.amazon.com/dp/B08MZJW9Y5?maas=maas_adg_api_590068458454888297_macro_1_124&ref_=aa_maas&aa_adgroupid=adv_pg-119164_B08MZJW9Y5&aa_campaignid=adv_pub-01g8xzhgf8h8fmtwzdb19azwrv-58&aa_creativeid=UNKNOWN&tag=atechj67-20,B08MZJW9Y5
02 Jackery Portable Power Station,https://www.amazon.com/dp/B082TMBYR6/?tag=atechj67-20,B082TMBYR6
03 Vatid Portable Power Station,https://www.amazon.com/dp/B09KXL9HL5/?tag=atechj67-20,B09KXL9HL5
04 EF ECOFLOW Portable Power Station,https://www.amazon.com/dp/B083FR3762/?tag=atechj67-20,B083FR3762
05 Westinghouse Portable Power Station,https://www.amazon.com/dp/B0823BB4RV/?tag=atechj67-20,B0823BB4RV
06 NEXPOW Portable Power Station,https://www.amazon.com/dp/B08LVQ3DB5/?tag=atechj67-20,B08LVQ3DB5
Botanic Hearth Shampoo and Conditioner—Best Overall,https://www.amazon.com/dp/B07P547Z3F?maas=maas_adg_api_584179544781670025_macro_1_124&ref_=aa_maas&aa_adgroupid=adv_pg-126710_B07P547Z3F&aa_campaignid=adv_pub-01g8xm2v1057703ja8mn9z1h36-133&aa_creativeid=UNKNOWN&tag=hollywoodli09-20,B07P547Z3F
OGX Shampoo—Most Effective,https://www.amazon.com/dp/B076S6KMY9/?tag=hollywoodli09-20,B076S6KMY9
Tea Tree Shampoo—Best Formula,https://www.amazon.com/dp/B000W5K1E8/?tag=hollywoodli09-20,B000W5K1E8
KICK Shampoo—Honorable Mention,https://www.amazon.com/dp/B0796M28ST/?tag=hollywoodli09-20,B0796M28ST
First Botany Shampoo—Also Consider,https://www.amazon.com/dp/B089VYQ2JZ/?tag=hollywoodli09-20,B089VYQ2JZ
Healti Hair Growth Product—Best Overall,https://www.amazon.com/dp/B09DCXHNMS?maas=maas_adg_api_577087052005483328_macro_1_124&ref_=aa_maas&aa_adgroupid=adv_pg-137427_B09DCXHNMS&aa_campaignid=adv_pub-01g8xm2v1057703ja8mn9z1h36-157&aa_creativeid=UNKNOWN&tag=hollywoodli09-20,B09DCXHNMS
MAJESTIC PURE Hair Growth Product—Safe for Daily Use,https://www.amazon.com/dp/B076YQ62CH?maas=maas_adg_api_592552971694142064_macro_1_124&ref_=aa_maas&aa_adgroupid=adv_pg-137427_B076YQ62CH&aa_campaignid=adv_pub-01g8xm2v1057703ja8mn9z1h36-134&aa_creativeid=UNKNOWN&tag=hollywoodli09-20,B076YQ62CH
Botanic Hearth Hair Growth Product—Restores Health,https://www.amazon.com/dp/B08JRW37RS?maas=maas_adg_api_584179544781670025_macro_1_124&ref_=aa_maas&aa_adgroupid=adv_pg-137427_B08JRW37RS&aa_campaignid=adv_pub-01g8xm2v1057703ja8mn9z1h36-133&aa_creativeid=UNKNOWN&tag=hollywoodli09-20,B08JRW37RS
HairMax Laser Comb for Hair Growth—Great Formula,https://www.amazon.com/dp/B015PXY0LG?maas=maas_adg_api_592726537321208328_macro_1_124&ref_=aa_maas&aa_adgroupid=adv_pg-137427_B015PXY0LG&aa_campaignid=adv_pub-01g8xm2v1057703ja8mn9z1h36-456&aa_creativeid=UNKNOWN&tag=hollywoodli09-20,B015PXY0LG
Amazon Elements Hair Growth Capsules—Best Value,https://www.amazon.com/dp/B0719HYML3/?tag=hollywoodli09-20,B0719HYML3
Marc Anthony Hair Growth Conditioner—Safest Formula,https://www.amazon.com/dp/B076FHJ3K5/?tag=hollywoodli09-20,B076FHJ3K5
Viviscal Hair Growth Tablets—Scientifically-proven Formula,https://www.amazon.com/dp/B085S8DGWT/?tag=hollywoodli09-20,B085S8DGWT
BELLISSO Hair Growth Product—Best Performance,https://www.amazon.com/dp/B07K4S4J66/?tag=hollywoodli09-20,B07K4S4J66
Nutrafol Hair Growth Capsules—Most Benefits,https://www.amazon.com/dp/B00LU4CZP8/?tag=hollywoodli09-20,B00LU4CZP8
Botanic Hearth Tea Tree Body Wash—Best Overall,https://www.amazon.com/dp/B081DG1W29?maas=maas_adg_api_584179544781670025_macro_1_124&ref_=aa_maas&aa_adgroupid=adv_pg-137429_B081DG1W29&aa_campaignid=adv_pub-01g8xm2v1057703ja8mn9z1h36-133&aa_creativeid=UNKNOWN&tag=hollywoodli09-20,B081DG1W29
First Botany Tea Tree Body Wash—Calming Scent,https://www.amazon.com/dp/B08HJQR8MD/?tag=hollywoodli09-20,B08HJQR8MD
Truremedy Tea Tree Body Wash—Most Soothing,https://www.amazon.com/dp/B00R1P82UW?maas=maas_adg_api_584279956591971321_macro_1_124&ref_=aa_maas&aa_adgroupid=adv_pg-137429_B00R1P82UW&aa_campaignid=adv_pub-01g8xm2v1057703ja8mn9z1h36-280&aa_creativeid=UNKNOWN&tag=hollywoodli09-20,B00R1P82UW
Renpure Tea Tree Body Wash—Invigorating Scent,https://www.amazon.com/dp/B07B3XCPJM/?tag=hollywoodli09-20,B07B3XCPJM
New York Biology Tea Tree Body Wash—Clinically Approved,https://www.amazon.com/dp/B06XN6CZ4P/?tag=hollywoodli09-20,B06XN6CZ4P
Natural Riches Tea Tree Body Wash—Vegan Formula,https://www.amazon.com/dp/B01LMVSSMC/?tag=hollywoodli09-20,B01LMVSSMC
Botanic Hearth Peppermint Shampoo and Conditioner—Best Overall,https://www.amazon.com/dp/B07X4B134N?maas=maas_adg_api_584179544781670025_macro_1_124&ref_=aa_maas&aa_adgroupid=adv_pg-126712_B07X4B134N&aa_campaignid=adv_pub-01g8xm2v1057703ja8mn9z1h36-133&aa_creativeid=UNKNOWN&tag=hollywoodli09-20,B07X4B134N
Tree to Tub Peppermint Shampoo and Conditioner—Best For Sensitive Scalps,https://www.amazon.com/dp/B07R3ZYQW2/?tag=hollywoodli09-20,B07R3ZYQW2
Maple Holistics Peppermint Shampoo and Conditioner—Best Scented,https://www.amazon.com/dp/B00OYVZ6UA/?tag=hollywoodli09-20,B00OYVZ6UA
Brocato Peppermint Shampoo and Conditioner—Deep Cleanser,https://www.amazon.com/dp/B08VQ81KB1/?tag=hollywoodli09-20,B08VQ81KB1
First Botany Peppermint Shampoo and Conditioner—Best Hair Regrowth Shampoo,https://www.amazon.com/dp/B08P1V2SG4/?tag=hollywoodli09-20,B08P1V2SG4
MAJESTIC PURE Hair Growth Treatment—Best Overall,https://www.amazon.com/dp/B08DJXYRF1?maas=maas_adg_api_592552971694142064_macro_1_124&ref_=aa_maas&aa_adgroupid=adv_pg-137431_B08DJXYRF1&aa_campaignid=adv_pub-01g8xm2v1057703ja8mn9z1h36-134&aa_creativeid=UNKNOWN&tag=hollywoodli09-20,B08DJXYRF1
AROMATICA Fortifying Conditioner—Most Moisturizing,https://www.amazon.com/dp/B07KF4CYLF?tag=hollywoodli09-20,B07KF4CYLF
Botanic Hearth Hair Growth Treatment—Most Nourishing,https://www.amazon.com/dp/B07SFLZY12?maas=maas_adg_api_584179544781670025_macro_1_124&ref_=aa_maas&aa_adgroupid=adv_pg-137431_B07SFLZY12&aa_campaignid=adv_pub-01g8xm2v1057703ja8mn9z1h36-133&aa_creativeid=UNKNOWN&tag=hollywoodli09-20,B07SFLZY12
Isdin Lambdapil Hair Growth Treatment—Best Value,https://www.amazon.com/dp/B07MXN3SHD?tag=hollywoodli09-20,B07MXN3SHD
Shiny Leaf Hair Growth Treatment—Extra Shine,https://www.amazon.com/dp/B07PTPH1H5?tag=hollywoodli09-20,B07PTPH1H5
CB SMOOTHE Castor Oil—Best Formula,https://www.amazon.com/dp/B07FDKLYPT/?tag=hollywoodli09-20,B07FDKLYPT
Hush & Hush Hair Supplement—Best for Thinning Hair,https://www.amazon.com/dp/B07RL86RVT/?tag=hollywoodli09-20,B07RL86RVT
Amazon Basic Care Treatment—Most Notable,https://www.amazon.com/dp/B07QVLC2QM/?tag=hollywoodli09-20,B07QVLC2QM
Meraz Pureauty Biotin Hair Serum—Honorable Mention,https://www.amazon.com/dp/B076TYGMYQ/?tag=hollywoodli09-20,B076TYGMYQ
Marc Anthony Hair Mask—Contender,https://www.amazon.com/dp/B07M7PP9KX/?tag=hollywoodli09-20,B07M7PP9KX
BELLISSO Shampoo and Conditioner Set—Also Consider,https://www.amazon.com/dp/B07K4S4J66/?tag=hollywoodli09-20,B07K4S4J66
Keranique Hair Growth Treatment—Best Features,https://www.amazon.com/dp/B09TG5NHPP/?tag=hollywoodli09-20,B09TG5NHPP
BOTANIC HEARTH Argan Oil Shampoo and Conditioner—Best Overall,https://www.amazon.com/BOTANIC-HEARTH-Argan-Shampoo-Conditioner/dp/B07XCJSYRT?tag=hollywoodli09-20,B07XCJSYRT
OGX Moroccan Shampoo and Conditioner—Best Drugstore Choice,https://www.amazon.com/OGX-Morocco-Shampoo-Conditioner-Ounces/dp/B078K4M88K?tag=hollywoodli09-20,B078K4M88K
Pure Nature Lux Spa Shampoo and Conditioner—Best Rehydration,https://www.amazon.com/Moroccan-Shampoo-Conditioner-Sulfate-Organic/dp/B06Y2DT2GJ?tag=hollywoodli09-20,B06Y2DT2GJ
HASK ARGAN OIL Shampoo and Conditioner—Also Consider,https://www.amazon.com/Hask-Argan-shampoo-conditioner-each/dp/B00GP3VUG4?tag=hollywoodli09-20,B00GP3VUG4
Botanic Hearth Body Wash—Best Overall,https://www.amazon.com/dp/B07RHWJW98?maas=maas_adg_api_584179544781670025_macro_1_124&ref_=aa_maas&aa_adgroupid=adv_pg-137432_B07RHWJW98&aa_campaignid=adv_pub-01g8xm2v1057703ja8mn9z1h36-133&aa_creativeid=UNKNOWN&tag=hollywoodli09-20,B07RHWJW98
AROMATICA Body Wash—Most Natural,https://www.amazon.com/dp/B082SGDW3C?tag=hollywoodli09-20,B082SGDW3C
NIVEA Body Wash—Most Affordable,https://www.amazon.com/dp/B082QBPDJC/?tag=hollywoodli09-20,B082QBPDJC
RITUALS Body Wash—Most Energizing,https://www.amazon.com/dp/B08PF28G9S/?tag=hollywoodli09-20,B08PF28G9S
The Seaweed Bath Co. Body Wash—Honorable Mention,https://www.amazon.com/dp/B004G853L8/?tag=hollywoodli09-20,B004G853L8
SheaMoisture Body Wash—Most Convenient,https://www.amazon.com/dp/B08WCQCXBD/?tag=hollywoodli09-20,B08WCQCXBD
Alba Botanica Body Wash—Most Reliable,https://www.amazon.com/dp/B00143WL9U/?tag=hollywoodli09-20,B00143WL9U
Jergens Body Wash—Also Consider,https://www.amazon.com/dp/B0831KDC5K/?tag=hollywoodli09-20,B0831KDC5K
Nivea Men Body Wash—Best for Men,https://www.amazon.com/dp/B00OQ1ZKO0/?tag=hollywoodli09-20,B00OQ1ZKO0
Every Man Jack Body Wash—Also Consider,https://www.amazon.com/dp/B08KBBYTD7/?tag=hollywoodli09-20,B08KBBYTD7
MAJESTIC PURE Coconut Oil for Skin – Best Overall,https://www.amazon.com/dp/B00PMR3QF2?maas=maas_adg_api_592552971694142064_macro_1_124&ref_=aa_maas&aa_adgroupid=adv_pg-137444_B00PMR3QF2&aa_campaignid=adv_pub-01g9pywskec40w4z3f1fcm3wqy-134&aa_creativeid=UNKNOWN?tag=advon-usw-20,B00PMR3QF2
Advanced Clinicals Coconut Oil for Skin – Non-Greasy Formula,https://www.amazon.com/dp/B00FAUS1HY/?tag=advon-usw-20,B00FAUS1HY
COCO & CO. Coconut Oil for Skin – Most Pure,https://www.amazon.com/dp/B010GN8IV8/?tag=advon-usw-20,B010GN8IV8
NOW Coconut Oil for Skin – Lightweight Pick,https://www.amazon.com/dp/B017DT4HM2/?tag=advon-usw-20,B017DT4HM2
SheaMoisture Coconut Oil for Skin – Most Hydrating,https://www.amazon.com/dp/B07NQH5T76/?tag=advon-usw-20,B07NQH5T76
Spectrum Coconut Oil for Skin – Unrefined Option,https://www.amazon.com/dp/B000R7YVF6/?tag=advon-usw-20,B000R7YVF6
MAJESTIC PURE Shampoo for Dandruff – Best Overall,https://www.amazon.com/dp/B07XSN63KL?maas=maas_adg_api_592552971694142064_macro_1_124&ref_=aa_maas&aa_adgroupid=adv_pg-137445_B07XSN63KL&aa_campaignid=adv_pub-01g9pywskec40w4z3f1fcm3wqy-134&aa_creativeid=UNKNOWN?tag=advon-usw-20,B07XSN63KL
Nizoral Anti-Dandruff Shampoo – Best Scent,https://www.amazon.com/dp/B00AINMFAC/?tag=advon-usw-20,B00AINMFAC
BIOLAGE Scalp Anti-Dandruff Shampoo – Best Vegan Formula,https://www.amazon.com/dp/B002DYCUW2/?tag=advon-usw-20,B002DYCUW2
Medicasp Dandruff Shampoo – Best Medicated Formula,https://www.amazon.com/dp/B015ZOXXS6/?tag=advon-usw-20,B015ZOXXS6
Neutrogena T/Gel Therapeutic Shampoo – Best Value,https://www.amazon.com/dp/B0009KN8UA/?tag=advon-usw-20,B0009KN8UA
Dr. Eddie’s Happy Cappy Shampoo – Best for Cradle Cap,https://www.amazon.com/dp/B07857W8MS/?tag=advon-usw-20,B07857W8MS
O Naturals – Best Overall,https://www.amazon.com/dp/B07F753PR7/?tag=advon-usw-20,B07F753PR7
pureSCRUBS – Best natural option,https://www.amazon.com/dp/B07JG7MZZC/?tag=advon-usw-20,B07JG7MZZC
M3 Naturals – Best pH balancing formula,https://www.amazon.com/dp/B076DSRB6B/?tag=advon-usw-20,B076DSRB6B
Brooklyn Botany – Best pore-minimizing option,https://www.amazon.com/dp/B07G8PDKY2/?tag=advon-usw-20,B07G8PDKY2
MAJESTIC PURE – Can aid skin conditions,https://www.amazon.com/dp/B01K8PEZMU/?tag=advon-usw-20,B01K8PEZMU
Majestic Pure Shampoo for Hair Growth – Best Overall,https://www.amazon.com/dp/B08VW53HN6/?tag=advon-usw-20,B08VW53HN6
Viviscal Gorgeous Growth Shampoo – Lightweight Formula,https://www.amazon.com/dp/B01CCK1B1C/?tag=advon-usw-20,B01CCK1B1C
BELLISO Biotin Shampoo for Hair Growth – Best for Dry Hair,https://www.amazon.com/dp/B07K4S4J66/?tag=advon-usw-20,B07K4S4J66
New York Biology Shampoo and Conditioner – Best for Oily Hair,https://www.amazon.com/dp/B082XHTYLP/?tag=advon-usw-20,B082XHTYLP
Keranique Shampoo and Conditioner Set – Best for Thinning Hair,https://www.amazon.com/dp/B00D2PF1SG/?tag=advon-usw-20,B00D2PF1SG
Majestic Pure Massage Oil – Best Overall,https://www.amazon.com/dp/B07R39354D?maas=maas_adg_api_592552971694142064_macro_1_124&ref_=aa_maas&aa_adgroupid=adv_pg-137446_B07R39354D&aa_campaignid=adv_pub-01g9pywskec40w4z3f1fcm3wqy-134&aa_creativeid=UNKNOWN?tag=advon-usw-20,B07R39354D
Viva Naturals Massage Oil – Admirable Scent,https://www.amazon.com/dp/B07R442KKY/?tag=advon-usw-20,B07R442KKY
Cosmetasa Massage Oil – Lightweight Formula,https://www.amazon.com/dp/B08LWYTPNB/?tag=advon-usw-20,B08LWYTPNB
Weleda Massage Oil – Ideal for Stiff Muscles,https://www.amazon.com/dp/B000OS131S/?tag=advon-usw-20,B000OS131S
Pursonic Massage Oil – Most Versatile,https://www.amazon.com/dp/B01FGH6ITI/?tag=advon-usw-20,B01FGH6ITI
MAJESTIC PURE Castor Oil—Best Overall,https://www.amazon.com/dp/B08KSFZXPB?maas=maas_adg_api_592552971694142064_macro_1_124&ref_=aa_maas&aa_adgroupid=adv_pg-137447_B08KSFZXPB&aa_campaignid=adv_pub-01g8xm2v1057703ja8mn9z1h36-134&aa_creativeid=UNKNOWN&tag=hollywoodli09-20,B08KSFZXPB
Sky Organics Organic Castor Oil—High-Quality Choice,https://www.amazon.com/dp/B0186U9736/?tag=hollywoodli09-20,B0186U9736
Kate Blanc Cosmetics Organic Castor Oil—Best Organic Choice,https://www.amazon.com/dp/B01NALN8Q9/?tag=hollywoodli09-20,B01NALN8Q9
Aria Starr Castor Oil Cold Pressed—Honorable Mention,https://www.amazon.com/dp/B00VN79K2I/?tag=hollywoodli09-20,B00VN79K2I
Foxbrim Naturals Pure Castor Oil—Contender,https://www.amazon.com/dp/B0117A8XDW/?tag=hollywoodli09-20,B0117A8XDW
Viva Naturals Organic Castor Oil—Also Consider,https://www.amazon.com/dp/B071RD69HX/?tag=hollywoodli09-20,B071RD69HX
Handcraft Blends Pure Castor Oil—Another Option,https://www.amazon.com/dp/B0734849YK/?tag=hollywoodli09-20,B0734849YK
MAJESTIC PURE Cellulite Cream—Best Overall,https://www.amazon.com/dp/B01LX9IIDJ?maas=maas_adg_api_592552971694142064_macro_1_124&ref_=aa_maas&aa_adgroupid=adv_pg-137433_B01LX9IIDJ&aa_campaignid=adv_pub-01g8xm2v1057703ja8mn9z1h36-134&aa_creativeid=UNKNOWN&tag=hollywoodli09-20,B01LX9IIDJ
Nivea Firming Cellulite Cream—Best Formula,https://www.amazon.com/dp/B00BO0AKXM/?tag=hollywoodli09-20,B00BO0AKXM
The Seaweed Bath Co. Detox Cellulite Cream—Great Value,https://www.amazon.com/dp/B01GG2O74U?tag=hollywoodli09-20,B01GG2O74U
Viofairy Anti Cellulite Hot Cream—Also Consider,https://www.amazon.com/dp/B09CV78GD2/?tag=hollywoodli09-20,B09CV78GD2
Cosmetasa Cellulite Massage Oil & Hot Cream—Top Combo,https://www.amazon.com/dp/B07GJWZYVQ/?tag=hollywoodli09-20,B07GJWZYVQ
Zatural Organic Hot Cream-Cellulite Cream—Organic Pick,https://www.amazon.com/dp/B073V4XMJY/?tag=hollywoodli09-20,B073V4XMJY
MAJESTIC PURE Sugar Scrub—Best Overall,https://www.amazon.com/dp/B07BDQ2413?maas=maas_adg_api_592552971694142064_macro_1_124&ref_=aa_maas&aa_adgroupid=adv_pg-137436_B07BDQ2413&aa_campaignid=adv_pub-01g8xm2v1057703ja8mn9z1h36-134&aa_creativeid=UNKNOWN&tag=hollywoodli09-20,B07BDQ2413
Tree Hut Shea Sugar Scrub—Great for Aromatherapy,https://www.amazon.com/dp/B007DGRT3K?tag=hollywoodli09-20,B007DGRT3K
Queens Botany Brown Sugar Scrub—Top Multi-Purpose,https://www.amazon.com/dp/B09V96325D/?tag=hollywoodli09-20,B09V96325D
Bella and Bear Goddess Sugar Scrub—Best Formula,https://www.amazon.com/dp/B081438RL1?tag=hollywoodli09-20,B081438RL1
Dove Sugar Scrub For Smooth Skin—Top Moisturizing,https://www.amazon.com/dp/B08NVK58S3/?tag=hollywoodli09-20,B08NVK58S3
Shea Moisture Skin Care Sugar Scrub—Best Gluten-Free Option,https://www.amazon.com/dp/B07L1FX321?tag=hollywoodli09-20,B07L1FX321
ZitSticka Body Scrub – Best Overall,https://www.amazon.com/dp/B09GZZL172/?tag=advon-usw-20,B09GZZL172
MAJESTIC PURE Body Scrub – All-natural Choice,https://www.amazon.com/dp/B09C2MZ9DC?maas=maas_adg_api_592552971694142064_macro_1_124&ref_=aa_maas&aa_adgroupid=adv_pg-137448_B09C2MZ9DC&aa_campaignid=adv_pub-01g9pywskec40w4z3f1fcm3wqy-134&aa_creativeid=UNKNOWN?tag=advon-usw-20,B09C2MZ9DC
PureSCRUBS Body Scrub – Most Fine Formula,https://www.amazon.com/dp/B07JG7MZZC/?tag=advon-usw-20,B07JG7MZZC
SheaMoisture Body Scrub – Vitamin E,https://www.amazon.com/dp/B07Q9C3YTQ/?tag=advon-usw-20,B07Q9C3YTQ
Tree Hut Body Scrub – 100% Organic Composition,https://www.amazon.com/dp/B007DGRT3K/?tag=advon-usw-20,B007DGRT3K
OGX Body Scrub – Best Liquid Scrub,https://www.amazon.com/dp/B07YYY5QZ4/?tag=advon-usw-20,B07YYY5QZ4
MAJESTIC PURE Body Scrub—Best Overall,https://www.amazon.com/dp/B07N2GXFVK?maas=maas_adg_api_592552971694142064_macro_1_124&ref_=aa_maas&aa_adgroupid=adv_pg-137438_B07N2GXFVK&aa_campaignid=adv_pub-01g8xm2v1057703ja8mn9z1h36-134&aa_creativeid=UNKNOWN&tag=hollywoodli09-20,B07N2GXFVK
Era Organics Scrub—Most Hydrating,https://www.amazon.com/dp/B018H32LHQ/?tag=hollywoodli09-20,B018H32LHQ
Aveeno Positively Radiant Scrub—Most Exfoliating,https://www.amazon.com/dp/B0000632EN/?tag=hollywoodli09-20,B0000632EN
Neutrogena Microdermabrasion—Honorable Mention,https://www.amazon.com/dp/B004ZD2M6I/?tag=hollywoodli09-20,B004ZD2M6I
Tree Hut Shea Sugar Scrub—Most Convenient,https://www.amazon.com/dp/B007DGRT3K/?tag=hollywoodli09-20,B007DGRT3K
Skinfood Black Sugar Mask—Also Consider,https://www.amazon.com/dp/B01H6EHVK4/?tag=hollywoodli09-20,B01H6EHVK4
ClearSpace Kitchen Organizers—Best Overall,https://www.amazon.com/dp/B08BQBNXSQ?maas=maas_adg_api_586709564802048855_macro_1_124&ref_=aa_maas&aa_adgroupid=adv_pg-126721_B08BQBNXSQ&aa_campaignid=adv_pub-01g8xm2v1057703ja8mn9z1h36-131&aa_creativeid=UNKNOWN&tag=hollywoodli09-20,B08BQBNXSQ
Pristine Bamboo Kitchen Organizer—Most Elegant Design,https://www.amazon.com/dp/B06XTM52RZ/?tag=hollywoodli09-20,B06XTM52RZ
Simple Houseware Kitchen Organizer Rack—Multipurpose,https://www.amazon.com/dp/B01LXKKNTV/?tag=hollywoodli09-20,B01LXKKNTV
Deco Brothers Pan Organizer—Best for Pans,https://www.amazon.com/dp/B0111AHJVU/?tag=hollywoodli09-20,B0111AHJVU
YouCopia StoraLid—Honorable Mention,https://www.amazon.com/dp/B07FNRXFTD/?tag=hollywoodli09-20,B07FNRXFTD
GeekDigg Pot Rack Organizer—Contender,https://www.amazon.com/dp/B07GWCGT9N/?tag=hollywoodli09-20,B07GWCGT9N
Home-It Mop and Broom Holder—Also Consider,https://www.amazon.com/dp/B00EJU3SWY/?tag=hollywoodli09-20,B00EJU3SWY
Pusdon Dish Drying Rack—Editor's Pick,https://www.amazon.com/dp/B07QHQCHXL/?tag=hollywoodli09-20,B07QHQCHXL
Dynamic Gear Expandable Drawer Organizer—Another Option,https://www.amazon.com/dp/B074LZSV1G/?tag=hollywoodli09-20,B074LZSV1G
Better Health Foot Soak—Best Overall,https://www.amazon.com/dp/B0163NS1IU?maas=maas_adg_api_587236822403077587_macro_1_124&ref_=aa_maas&aa_adgroupid=adv_pg-137437_B0163NS1IU&aa_campaignid=adv_pub-01g8xm2v1057703ja8mn9z1h36-135&aa_creativeid=UNKNOWN&tag=hollywoodli09-20,B0163NS1IU
Tea Tree Oil Foot Soak with Epsom Salt—Most Soothing,https://www.amazon.com/dp/B076L558R3/?tag=hollywoodli09-20,B076L558R3
Epsoak Tea Tree Oil Foot Soak—Most Natural,https://www.amazon.com/dp/B0170R9TAC/?tag=hollywoodli09-20,B0170R9TAC
Okay Himalayan Pink Salt Foot Soak—Most Versatile,https://www.amazon.com/dp/B07Z6CG253/?tag=hollywoodli09-20,B07Z6CG253
Kerasal Foot Soak Therapy—Best Value,https://www.amazon.com/dp/B08TB9XFP2/?tag=hollywoodli09-20,B08TB9XFP2
Purely Northwest-Tea Tree Peppermint Foot Soak—Most Gentle,https://www.amazon.com/dp/B00H7KTEZ8?tag=hollywoodli09-20,B00H7KTEZ8
COZY GREENS Balloon Pump  –  Best Overall,https://www.amazon.com/dp/B09ZBBWZGH?maas=maas_adg_api_582801918257270280_macro_1_124&ref_=aa_maas&aa_adgroupid=adv_pg-138123_B0BJ651BNM&aa_campaignid=adv_pub-01g8xzgn34pn180m02fqg57zgc-107&aa_creativeid=UNKNOWN?tag=mmclubav-20,B09ZBBWZGH
NuLink Balloon Pump  –  Quickest Setup,https://www.amazon.com/dp/B015EWMYYS/?tag=mmclubav-20,B015EWMYYS
LiKee Balloon Pump  –  Most Time-saving,https://www.amazon.com/dp/B08B5SY31M/?tag=mmclubav-20,B08B5SY31M
Control Balloons Products Balloon Pump  –  Most Durable,https://www.amazon.com/dp/B079YVZFGK/?tag=mmclubav-20,B079YVZFGK
IMPRESA Balloon Pump  –  Most Reliable,https://www.amazon.com/dp/B01ISCKPNS/?tag=mmclubav-20,B01ISCKPNS
